engine_temp,battery_voltage,oil_life,vibration,mileage,label
96.1,12.436,3.24,4.118,98616,low_oil_life
79.07,13.098,83.52,2.116,17543,normal
142.77,12.059,68.11,7.024,125844,engine_overheat
100.42,11.068,44.35,1.559,125603,battery_failure
126.45,12.573,64.52,6.225,11312,engine_overheat
126.16,12.527,41.39,7.56,80658,engine_overheat
85.93,9.634,80.19,3.481,99465,battery_failure
92.38,12.068,3.25,3.907,63541,low_oil_life
88.57,12.79,84.25,1.059,121673,normal
140.12,12.11,37.08,8.148,168785,engine_overheat
77.21,12.334,86.03,1.527,86544,normal
125.92,12.795,31.89,9.143,152667,engine_overheat
113.64,12.534,34.73,6.962,42328,engine_overheat
81.02,9.279,30.52,0.287,20901,battery_failure
76.78,12.225,54.83,1.832,22207,normal
87.54,12.35,46.3,0.789,14849,normal
83.0,10.942,35.25,1.491,170653,battery_failure
75.17,12.237,62.36,0.242,132970,normal
103.36,12.115,4.31,3.913,163693,low_oil_life
81.38,12.716,0.77,3.1,235487,low_oil_life
92.15,9.038,89.31,3.47,36932,battery_failure
84.39,12.556,4.0,4.308,118922,low_oil_life
96.91,12.309,10.77,5.484,98542,low_oil_life
134.77,13.036,47.07,7.542,155006,engine_overheat
79.13,12.115,3.37,5.037,206664,low_oil_life
77.7,12.241,61.01,2.235,100417,normal
117.05,13.185,20.84,7.211,214818,engine_overheat
88.12,9.73,83.06,1.001,122072,battery_failure
94.34,10.373,68.85,2.916,42504,battery_failure
76.16,13.065,89.73,1.348,149817,normal
100.27,9.599,75.91,2.68,104518,battery_failure
76.43,10.881,35.48,2.878,59405,battery_failure
102.88,10.453,77.36,1.092,99436,battery_failure
101.32,10.738,76.41,0.866,88689,battery_failure
123.32,12.535,53.95,7.508,91741,engine_overheat
94.43,12.801,69.83,0.222,40379,normal
94.97,13.005,4.38,3.158,185889,low_oil_life
139.85,12.426,23.14,5.529,159277,engine_overheat
115.63,12.778,48.81,7.068,61644,engine_overheat
79.24,12.339,81.13,2.44,116219,normal
80.7,12.818,79.31,0.438,6530,normal
85.79,12.309,7.15,4.524,86196,low_oil_life
84.63,13.14,68.89,0.538,11002,normal
104.84,10.874,39.33,0.122,107980,battery_failure
89.62,12.384,3.85,5.015,261872,low_oil_life
103.87,10.715,53.41,2.557,73634,battery_failure
91.34,9.236,81.82,1.066,140667,battery_failure
104.7,9.938,46.55,0.408,120963,battery_failure
94.31,12.714,57.78,1.467,69286,normal
91.56,12.367,6.24,3.28,235517,low_oil_life
88.47,13.082,11.68,5.976,139411,low_oil_life
99.17,12.744,41.95,0.65,18351,normal
114.27,12.757,57.17,8.766,35192,engine_overheat
91.3,12.672,49.82,1.952,63278,normal
75.83,10.339,71.6,0.576,54474,battery_failure
92.56,12.457,8.35,5.975,75560,low_oil_life
118.52,12.312,50.81,6.503,216205,engine_overheat
84.95,12.409,6.12,5.908,187643,low_oil_life
136.13,12.732,59.96,6.91,129943,engine_overheat
91.08,12.653,52.64,1.64,136554,normal
123.32,12.282,31.7,5.246,31686,engine_overheat
86.32,10.019,61.32,2.119,183639,battery_failure
79.47,12.901,4.89,5.399,266757,low_oil_life
114.66,12.446,34.75,6.251,113602,engine_overheat
76.82,12.4,10.8,4.268,267968,low_oil_life
85.22,13.036,11.83,3.075,13888,low_oil_life
87.43,10.759,83.23,1.162,101463,battery_failure
97.75,12.87,7.03,3.91,73247,low_oil_life
79.03,12.999,53.47,1.627,71947,normal
112.72,13.099,39.18,6.426,75908,engine_overheat
140.97,12.372,32.93,6.291,129304,engine_overheat
96.94,12.304,55.49,1.903,81348,normal
144.44,12.425,44.15,8.354,80864,engine_overheat
132.64,12.724,47.32,5.292,187476,engine_overheat
78.95,10.989,69.2,0.814,92573,battery_failure
98.87,12.737,98.55,1.61,11093,normal
78.72,12.426,4.53,3.33,41491,low_oil_life
92.47,9.401,84.79,3.296,40008,battery_failure
79.89,13.062,50.78,0.329,35634,normal
83.25,13.062,11.48,5.802,171797,low_oil_life
99.67,12.548,57.23,1.129,143996,normal
95.95,9.103,55.41,1.645,146519,battery_failure
135.78,12.254,47.13,7.477,169254,engine_overheat
99.37,12.053,0.76,5.331,15547,low_oil_life
106.81,12.851,1.3,3.421,275877,low_oil_life
144.61,12.783,69.61,6.598,218270,engine_overheat
94.43,12.777,6.91,3.807,71151,low_oil_life
99.23,12.696,87.87,2.182,31778,normal
83.45,12.743,82.15,2.254,63095,normal
78.63,12.509,1.51,3.252,17823,low_oil_life
103.61,12.392,4.75,5.301,269603,low_oil_life
76.03,12.025,6.1,2.93,264820,low_oil_life
88.72,12.96,65.57,0.38,21447,normal
80.4,12.765,46.27,0.18,16288,normal
87.32,12.718,11.95,4.449,275651,low_oil_life
102.23,12.059,5.43,3.255,72546,low_oil_life
87.04,10.596,88.21,2.18,154404,battery_failure
142.45,12.561,72.0,7.731,222443,engine_overheat
89.28,12.002,2.57,5.598,274538,low_oil_life
107.85,12.538,7.82,3.784,7016,low_oil_life
81.75,10.318,56.29,2.757,48229,battery_failure
93.85,9.91,63.93,1.137,113297,battery_failure
77.93,12.458,92.08,0.162,121251,normal
141.21,12.696,53.7,7.852,178206,engine_overheat
79.43,12.577,51.13,1.035,126498,normal
80.34,10.251,39.36,2.751,69112,battery_failure
81.33,10.54,50.82,0.214,140209,battery_failure
98.4,12.82,52.03,2.399,52142,normal
101.07,10.429,40.45,0.888,91154,battery_failure
89.74,9.284,43.85,1.006,152447,battery_failure
91.45,10.778,38.54,1.831,72335,battery_failure
113.89,12.772,57.69,5.403,168696,engine_overheat
116.66,12.309,64.16,9.41,201375,engine_overheat
104.73,12.01,1.36,3.726,15204,low_oil_life
86.48,11.123,65.98,0.988,144069,battery_failure
90.72,12.22,98.16,1.591,134393,normal
130.04,12.631,29.87,9.233,48677,engine_overheat
93.29,9.038,79.23,0.078,157152,battery_failure
91.47,12.41,66.32,2.153,58557,normal
105.43,12.922,1.79,4.549,11336,low_oil_life
82.15,13.191,2.51,4.694,9263,low_oil_life
123.63,12.11,25.61,7.929,45969,engine_overheat
118.45,12.062,45.14,6.782,73001,engine_overheat
86.59,12.561,76.21,1.878,76449,normal
94.41,12.597,71.19,0.51,148049,normal
77.33,13.068,1.52,3.47,141559,low_oil_life
99.05,12.489,99.96,1.43,148510,normal
75.01,9.928,64.59,1.23,46312,battery_failure
131.71,12.758,28.96,8.512,77421,engine_overheat
99.03,12.355,82.95,0.108,130576,normal
91.92,13.087,2.05,2.779,36440,low_oil_life
94.93,12.069,5.3,4.477,162029,low_oil_life
84.91,10.987,74.97,0.899,168369,battery_failure
88.75,9.039,57.29,2.63,80973,battery_failure
104.45,10.312,73.03,1.113,140494,battery_failure
116.0,12.351,26.07,8.787,111448,engine_overheat
92.44,12.577,9.26,3.27,206484,low_oil_life
97.4,12.938,9.19,4.938,164245,low_oil_life
95.0,12.622,0.32,3.686,56458,low_oil_life
88.53,12.616,3.4,2.571,270482,low_oil_life
121.3,12.231,60.32,8.265,158395,engine_overheat
87.91,13.134,82.85,1.653,32174,normal
97.06,12.206,2.59,3.023,74715,low_oil_life
100.63,10.696,38.66,3.205,147732,battery_failure
99.88,12.617,3.64,4.04,161546,low_oil_life
76.14,10.877,71.14,0.462,153959,battery_failure
99.71,9.785,46.76,1.689,29873,battery_failure
113.21,12.03,67.64,6.603,132013,engine_overheat
87.31,12.723,41.87,1.065,146295,normal
95.19,12.385,93.32,1.163,138043,normal
78.12,12.964,5.07,3.307,84062,low_oil_life
90.47,10.047,56.63,2.062,124186,battery_failure
79.36,10.099,46.92,2.77,175371,battery_failure
130.17,12.832,28.58,5.877,116748,engine_overheat
83.07,13.126,88.1,0.463,137653,normal
83.08,12.647,44.57,0.587,129951,normal
88.3,10.959,78.0,0.757,41398,battery_failure
104.83,12.51,7.47,3.108,91879,low_oil_life
104.72,10.76,36.87,1.873,125468,battery_failure
106.22,12.665,10.46,3.596,38717,low_oil_life
99.8,9.12,50.25,2.801,31772,battery_failure
101.93,10.276,54.65,2.365,61505,battery_failure
76.92,12.89,49.23,1.35,137924,normal
127.68,12.825,67.48,7.961,106494,engine_overheat
87.99,13.168,10.54,3.241,295669,low_oil_life
118.36,12.76,41.0,5.508,60575,engine_overheat
101.05,12.308,5.02,2.642,222201,low_oil_life
123.04,12.309,68.88,5.65,176465,engine_overheat
92.3,12.796,67.08,0.153,87960,normal
90.54,12.593,0.39,4.8,66009,low_oil_life
127.35,13.18,66.61,9.264,99506,engine_overheat
103.09,9.517,65.34,1.078,168246,battery_failure
77.79,12.424,10.91,3.719,172364,low_oil_life
77.84,12.137,9.13,4.053,78414,low_oil_life
98.75,12.468,46.72,2.192,106022,normal
130.45,12.908,42.56,6.854,117157,engine_overheat
103.12,10.523,44.4,3.177,20463,battery_failure
118.66,12.81,52.41,8.892,94629,engine_overheat
86.31,9.249,83.75,1.479,182947,battery_failure
76.52,12.001,9.56,3.382,62771,low_oil_life
118.43,12.551,34.61,8.011,140381,engine_overheat
76.79,9.509,50.49,2.697,171723,battery_failure
97.64,12.309,10.3,2.763,292153,low_oil_life
140.7,12.372,29.43,5.381,23450,engine_overheat
99.3,10.19,47.93,0.269,70492,battery_failure
96.59,10.007,43.6,3.13,151965,battery_failure
87.12,12.523,4.72,5.603,278661,low_oil_life
89.32,12.094,1.83,4.568,106131,low_oil_life
115.94,12.695,50.19,6.673,219394,engine_overheat
129.57,12.16,41.36,9.057,203611,engine_overheat
95.62,10.247,79.76,1.752,147466,battery_failure
95.23,12.311,81.7,1.149,142312,normal
122.96,12.279,61.85,8.556,233510,engine_overheat
87.57,13.015,53.8,1.56,58810,normal
79.62,12.972,41.28,1.583,62032,normal
93.65,12.445,46.4,2.1,91575,normal
130.28,12.328,75.6,6.585,22818,engine_overheat
96.96,9.556,63.68,1.833,164740,battery_failure
95.28,9.7,66.6,2.93,196336,battery_failure
90.21,12.724,7.3,3.275,164876,low_oil_life
83.84,12.724,8.34,2.519,5015,low_oil_life
92.79,10.216,31.5,0.217,196111,battery_failure
80.66,12.725,55.59,2.015,81835,normal
86.84,9.068,85.7,0.79,21515,battery_failure
90.8,12.752,71.87,1.122,62068,normal
75.61,13.017,68.39,0.487,74567,normal
143.02,12.988,70.62,9.452,180606,engine_overheat
116.16,12.983,41.7,8.574,22120,engine_overheat
138.87,12.205,55.31,8.736,151203,engine_overheat
84.16,13.042,98.26,0.254,138999,normal
90.01,12.999,9.73,5.766,219020,low_oil_life
83.92,12.215,65.07,0.687,111672,normal
89.77,13.147,44.71,1.296,9885,normal
88.24,12.969,58.06,1.516,109089,normal
86.55,11.064,75.63,3.13,21605,battery_failure
84.18,12.589,9.46,2.534,109087,low_oil_life
123.99,13.144,72.76,5.146,65673,engine_overheat
76.76,12.405,69.2,2.297,96038,normal
82.33,12.494,42.36,2.215,137103,normal
138.57,12.462,77.02,7.348,166629,engine_overheat
101.67,10.108,43.21,3.092,96981,battery_failure
93.15,12.489,98.41,0.065,72516,normal
85.0,9.493,56.31,1.91,71137,battery_failure
123.28,12.552,44.67,6.21,29551,engine_overheat
92.71,12.53,8.59,4.228,299740,low_oil_life
95.11,12.812,3.83,3.387,16826,low_oil_life
77.53,12.726,80.01,1.509,100127,normal
75.79,12.369,43.47,0.48,81816,normal
86.17,12.105,1.16,3.851,150762,low_oil_life
83.52,12.868,60.22,1.388,34542,normal
100.97,12.548,5.49,2.636,177507,low_oil_life
91.44,13.138,97.05,0.356,53798,normal
93.23,12.898,10.32,5.491,71202,low_oil_life
141.48,12.979,66.67,7.09,217193,engine_overheat
90.84,12.38,6.21,2.545,96205,low_oil_life
84.96,12.349,84.56,2.358,5410,normal
117.14,12.364,45.92,7.289,183013,engine_overheat
79.61,9.833,76.89,0.084,150744,battery_failure
118.07,12.811,64.6,6.13,187443,engine_overheat
101.83,10.5,71.01,2.428,103860,battery_failure
97.09,11.094,49.08,2.004,85431,battery_failure
79.04,12.679,7.55,3.13,207668,low_oil_life
103.47,10.695,34.71,0.908,30304,battery_failure
102.07,11.085,60.74,0.051,31523,battery_failure
122.05,12.354,62.2,7.57,148291,engine_overheat
96.79,13.121,74.81,1.674,75939,normal
80.41,10.116,64.89,1.838,166653,battery_failure
82.89,12.741,11.08,5.345,256054,low_oil_life
103.42,11.24,36.42,0.581,49086,battery_failure
127.04,13.053,59.53,5.899,63175,engine_overheat
117.57,12.403,29.99,6.628,117412,engine_overheat
99.4,12.936,92.26,1.937,59871,normal
143.87,13.16,46.81,6.481,241110,engine_overheat
88.08,12.797,66.13,2.105,137416,normal
131.73,13.108,43.41,8.633,138701,engine_overheat
127.48,12.605,57.61,7.385,118073,engine_overheat
97.02,10.033,48.36,1.207,22159,battery_failure
96.3,9.221,51.83,2.109,199047,battery_failure
75.42,12.909,7.8,5.022,225533,low_oil_life
136.44,12.078,38.31,5.026,186751,engine_overheat
83.96,12.692,53.1,1.518,100158,normal
88.11,12.274,1.62,3.213,260931,low_oil_life
76.63,13.197,53.8,1.79,97239,normal
77.17,12.893,2.91,2.842,132378,low_oil_life
121.04,12.007,57.8,6.288,57965,engine_overheat
100.56,12.526,7.74,3.464,20419,low_oil_life
96.41,12.95,74.72,2.04,148781,normal
88.39,12.437,84.61,1.242,9752,normal
97.46,12.334,59.42,1.265,155,normal
141.29,12.598,55.2,8.031,177241,engine_overheat
126.04,13.021,23.17,6.555,44416,engine_overheat
100.72,12.849,9.64,3.89,134101,low_oil_life
83.83,12.292,80.09,1.642,8556,normal
105.82,12.059,7.97,3.419,231621,low_oil_life
76.54,12.121,6.16,2.605,96654,low_oil_life
94.5,12.049,9.65,5.916,171052,low_oil_life
78.03,9.345,30.19,1.833,158421,battery_failure
90.46,13.184,69.33,1.402,93547,normal
131.99,13.173,25.0,6.408,215123,engine_overheat
91.24,12.324,79.27,2.459,139251,normal
102.62,13.007,2.23,3.503,125623,low_oil_life
116.26,12.865,75.7,8.915,170974,engine_overheat
81.58,9.418,30.95,0.005,135721,battery_failure
123.99,13.094,37.83,6.583,152233,engine_overheat
115.28,13.069,24.92,7.416,97502,engine_overheat
83.13,12.82,77.65,2.25,13140,normal
90.57,12.897,78.19,0.178,72692,normal
98.84,12.659,11.63,5.635,230295,low_oil_life
95.39,12.822,41.07,2.157,30651,normal
90.84,12.806,60.11,2.298,139076,normal
114.47,12.048,46.84,8.968,19852,engine_overheat
99.74,12.633,3.58,3.25,269068,low_oil_life
124.15,12.547,73.64,9.223,162586,engine_overheat
91.66,12.308,4.02,3.423,231884,low_oil_life
77.07,11.195,51.94,0.592,65201,battery_failure
85.22,12.791,71.58,0.739,89906,normal
91.56,12.558,76.95,1.209,146424,normal
96.1,12.316,9.94,4.168,21740,low_oil_life
89.74,12.495,11.77,5.219,7994,low_oil_life
97.19,12.742,97.11,1.202,10516,normal
90.86,11.357,89.12,0.159,81497,battery_failure
94.28,12.347,63.06,0.059,148066,normal
77.39,12.251,11.93,3.079,270808,low_oil_life
121.9,12.126,67.91,8.475,79224,engine_overheat
101.98,11.116,41.91,3.128,91916,battery_failure
97.07,12.125,3.79,5.762,202105,low_oil_life
113.3,12.365,54.55,5.571,234383,engine_overheat
132.14,13.012,67.2,5.773,22213,engine_overheat
94.08,10.114,48.78,1.822,91927,battery_failure
90.19,13.013,42.22,0.778,28228,normal
121.83,12.549,40.12,6.483,44629,engine_overheat
92.88,12.814,3.8,4.62,224182,low_oil_life
124.53,12.125,34.14,6.127,38261,engine_overheat
101.88,9.041,56.43,3.46,164926,battery_failure
122.43,12.167,63.12,5.397,151167,engine_overheat
98.47,9.125,34.19,1.47,165817,battery_failure
84.33,12.586,9.34,4.86,135963,low_oil_life
82.23,12.24,11.05,2.819,130534,low_oil_life
96.45,12.181,7.27,3.454,219738,low_oil_life
104.38,12.975,11.32,4.544,228393,low_oil_life
81.47,12.818,93.16,2.407,91006,normal
81.32,12.339,7.89,5.272,176796,low_oil_life
76.02,12.387,40.38,0.291,146108,normal
90.94,12.807,72.48,0.741,9168,normal
83.07,10.389,85.02,2.197,191947,battery_failure
93.06,10.204,83.07,0.73,54650,battery_failure
93.38,12.682,1.84,4.705,68472,low_oil_life
92.31,10.514,76.83,0.452,85756,battery_failure
105.77,12.413,6.93,4.149,94779,low_oil_life
92.26,10.252,47.74,1.929,139682,battery_failure
92.66,12.318,52.11,1.246,68670,normal
98.8,10.884,39.96,2.297,120485,battery_failure
82.81,13.197,5.29,4.322,186142,low_oil_life
92.97,9.929,40.29,1.874,40923,battery_failure
79.33,12.378,92.1,1.099,95074,normal
76.3,12.304,10.4,4.552,107840,low_oil_life
97.63,12.382,94.54,0.412,33623,normal
91.5,12.757,96.23,2.155,25556,normal
131.72,13.17,30.49,5.262,19921,engine_overheat
86.63,12.19,9.43,5.802,40109,low_oil_life
125.84,12.425,74.68,6.006,192877,engine_overheat
76.29,12.907,41.9,2.391,85436,normal
91.38,12.264,11.19,4.437,66742,low_oil_life
100.92,9.306,61.39,1.041,108844,battery_failure
84.07,10.157,33.99,2.193,182730,battery_failure
82.71,13.125,0.08,2.532,131372,low_oil_life
87.58,12.267,92.02,0.715,43056,normal
75.74,12.764,8.55,2.794,12274,low_oil_life
78.0,12.23,10.35,5.466,211971,low_oil_life
78.76,9.318,57.26,3.371,155440,battery_failure
79.36,13.182,72.4,0.762,149960,normal
86.36,12.307,72.67,1.145,61516,normal
119.53,12.112,42.4,6.038,97794,engine_overheat
93.48,12.087,10.48,3.998,50704,low_oil_life
77.75,12.685,88.57,2.394,37711,normal
86.97,9.456,89.2,1.563,122552,battery_failure
78.99,12.643,6.97,5.736,39986,low_oil_life
81.4,13.028,9.9,3.556,249413,low_oil_life
136.8,12.173,21.32,8.124,249234,engine_overheat
130.93,12.902,52.52,6.345,182030,engine_overheat
97.53,12.695,61.99,0.202,146045,normal
93.95,12.652,83.15,1.505,40197,normal
104.71,9.585,41.36,1.854,90474,battery_failure
83.48,12.315,42.74,0.919,81557,normal
101.01,10.854,37.02,2.314,50734,battery_failure
99.25,13.137,84.31,2.079,47093,normal
91.26,12.783,2.27,5.008,86455,low_oil_life
91.5,12.533,92.31,1.538,30795,normal
140.2,12.279,72.34,7.135,50612,engine_overheat
92.43,12.962,63.55,1.843,64307,normal
104.02,12.829,7.86,5.469,249901,low_oil_life
93.52,13.065,10.23,3.619,163651,low_oil_life
95.05,12.637,46.63,0.239,96111,normal
96.61,13.129,8.96,3.75,166860,low_oil_life
87.49,13.059,5.84,4.242,156174,low_oil_life
83.74,12.315,4.49,3.428,40577,low_oil_life
90.73,12.534,89.07,0.465,18800,normal
76.64,12.727,11.29,4.261,216864,low_oil_life
86.12,12.329,5.62,3.691,164996,low_oil_life
138.33,12.809,30.01,8.056,19304,engine_overheat
121.6,12.303,78.89,9.388,26365,engine_overheat
102.04,10.59,75.71,2.136,86985,battery_failure
77.28,13.095,42.49,1.549,119006,normal
85.58,12.297,4.95,5.852,20739,low_oil_life
127.86,12.459,52.99,7.023,153748,engine_overheat
85.25,9.71,57.34,2.913,132660,battery_failure
88.84,9.285,42.25,2.736,146796,battery_failure
133.82,12.319,59.04,5.017,165915,engine_overheat
78.39,11.221,56.5,1.723,193696,battery_failure
98.77,12.376,6.0,3.963,36153,low_oil_life
92.84,12.011,2.8,5.514,226404,low_oil_life
96.84,12.798,7.55,2.814,172605,low_oil_life
97.66,13.114,74.24,1.839,120234,normal
76.29,11.262,85.34,3.12,107029,battery_failure
95.42,11.024,82.9,1.437,153913,battery_failure
101.48,9.763,63.56,2.353,192982,battery_failure
113.2,12.374,45.14,7.043,174797,engine_overheat
106.31,12.68,5.94,3.698,113261,low_oil_life
99.75,12.512,87.85,2.111,43472,normal
89.0,9.234,65.07,0.572,48756,battery_failure
84.3,11.038,71.8,1.159,98282,battery_failure
98.51,12.663,92.12,2.069,12109,normal
87.47,11.058,86.99,2.157,35386,battery_failure
78.89,11.37,86.68,3.159,117462,battery_failure
94.79,13.068,58.97,1.739,67534,normal
113.84,12.683,55.17,6.861,232566,engine_overheat
105.25,12.444,4.13,5.029,75210,low_oil_life
84.65,12.76,47.89,2.343,4648,normal
122.24,12.527,41.69,7.1,47941,engine_overheat
128.16,12.135,26.35,7.516,152412,engine_overheat
76.32,11.377,43.18,1.556,49863,battery_failure
95.64,9.019,69.09,3.008,127792,battery_failure
88.08,12.527,6.65,5.488,210338,low_oil_life
88.8,10.978,52.78,0.397,146457,battery_failure
79.97,12.984,54.02,0.42,93269,normal
136.95,13.135,41.04,8.707,156731,engine_overheat
77.43,12.989,74.92,1.37,50085,normal
94.38,13.052,71.74,1.504,138593,normal
97.18,12.354,84.98,2.408,32602,normal
81.24,12.429,7.42,4.772,146879,low_oil_life
96.62,9.515,54.17,0.097,116502,battery_failure
75.36,12.341,53.71,1.456,2261,normal
144.49,12.938,49.34,8.406,72784,engine_overheat
103.11,10.08,48.15,2.666,92572,battery_failure
114.11,12.487,70.53,6.6,21162,engine_overheat
89.22,12.065,6.18,4.548,178620,low_oil_life
122.5,12.122,23.12,5.51,60762,engine_overheat
124.28,12.379,59.98,9.119,93990,engine_overheat
112.44,13.112,69.25,8.018,16458,engine_overheat
115.29,12.224,52.38,7.996,239408,engine_overheat
86.04,12.469,40.3,1.471,100123,normal
97.08,12.068,6.47,4.623,112761,low_oil_life
113.32,12.858,72.46,7.617,97566,engine_overheat
93.99,11.259,79.6,0.41,152450,battery_failure
86.58,13.026,10.65,5.461,274284,low_oil_life
81.22,12.404,0.81,5.507,178557,low_oil_life
137.15,12.036,34.34,5.568,136913,engine_overheat
79.49,9.166,41.89,2.057,21301,battery_failure
93.77,12.213,77.03,0.888,102112,normal
105.47,13.008,5.32,2.533,108700,low_oil_life
76.82,12.218,58.48,0.675,39758,normal
97.51,12.708,60.75,0.997,84246,normal
125.88,12.683,25.69,5.51,198104,engine_overheat
100.26,9.164,89.05,0.683,141897,battery_failure
112.89,12.196,38.69,7.371,96590,engine_overheat
93.98,9.8,33.31,3.063,157844,battery_failure
86.42,10.532,33.94,0.393,179682,battery_failure
113.27,12.047,72.01,6.072,146984,engine_overheat
98.12,10.531,72.49,0.048,88469,battery_failure
136.33,13.117,34.3,5.697,151463,engine_overheat
81.29,12.522,60.87,2.105,124661,normal
127.46,12.695,42.34,8.359,179446,engine_overheat
93.3,12.51,92.38,0.064,19675,normal
113.74,12.098,27.73,8.759,38876,engine_overheat
78.84,12.335,9.43,4.519,129444,low_oil_life
92.11,12.774,11.24,3.63,115234,low_oil_life
77.45,12.832,41.84,0.562,85371,normal
106.04,12.016,7.76,2.657,276941,low_oil_life
101.54,12.385,8.77,5.854,140467,low_oil_life
90.69,12.275,40.35,1.207,20538,normal
93.52,12.77,44.35,0.812,77175,normal
96.12,12.916,66.72,1.476,83276,normal
103.47,10.782,85.64,2.333,138680,battery_failure
118.57,12.696,49.8,5.132,104154,engine_overheat
77.03,12.777,80.41,0.193,82279,normal
95.25,13.046,91.61,1.963,92493,normal
81.45,13.129,46.15,0.331,95648,normal
83.86,9.997,33.01,0.706,133221,battery_failure
75.39,12.432,85.66,1.04,61709,normal
91.34,11.36,61.1,0.947,118802,battery_failure
98.68,12.211,50.63,1.293,101665,normal
101.53,10.315,83.89,3.448,70210,battery_failure
81.91,10.864,37.02,0.001,139501,battery_failure
127.96,13.094,53.1,6.667,132611,engine_overheat
76.67,12.314,3.02,3.307,103580,low_oil_life
76.14,12.888,63.77,1.82,71155,normal
95.25,10.433,75.1,2.931,62598,battery_failure
86.21,12.636,96.2,1.805,99932,normal
97.83,12.597,42.38,2.388,8259,normal
122.98,12.175,41.87,7.04,152487,engine_overheat
94.7,12.591,4.56,5.952,176915,low_oil_life
118.73,12.915,27.23,6.262,145797,engine_overheat
82.36,12.317,87.79,1.338,28365,normal
89.34,12.609,43.43,0.921,60058,normal
135.13,12.188,58.57,5.98,12810,engine_overheat
135.13,12.294,52.69,5.164,171855,engine_overheat
96.91,10.437,76.41,1.936,24239,battery_failure
85.97,13.185,44.81,1.651,64046,normal
100.38,10.977,63.38,2.093,151300,battery_failure
92.42,12.872,63.46,2.183,78279,normal
98.76,12.827,0.27,4.072,149535,low_oil_life
88.74,12.222,97.91,0.232,7461,normal
103.75,13.073,11.34,3.687,86541,low_oil_life
91.48,10.914,68.34,0.681,71413,battery_failure
88.65,9.765,32.49,1.076,68665,battery_failure
97.17,10.102,70.69,3.414,172117,battery_failure
122.76,12.975,34.94,6.56,177984,engine_overheat
97.63,12.459,75.12,0.817,76917,normal
101.82,13.123,4.53,4.316,277204,low_oil_life
103.32,10.85,85.47,0.446,122892,battery_failure
89.61,13.087,10.29,4.52,54477,low_oil_life
93.17,9.544,71.44,3.047,23729,battery_failure
75.98,9.521,45.74,1.937,120422,battery_failure
138.33,12.371,29.35,8.334,75548,engine_overheat
87.54,12.374,11.23,2.804,284400,low_oil_life
76.86,13.073,10.15,4.806,211089,low_oil_life
113.66,12.984,45.93,8.623,193623,engine_overheat
98.12,12.371,77.96,1.602,120987,normal
87.19,12.597,5.43,3.454,228023,low_oil_life
143.92,12.933,74.47,7.422,58380,engine_overheat
91.94,12.373,77.02,0.952,140659,normal
95.57,12.706,74.05,1.281,95998,normal
75.1,10.507,67.14,1.427,168137,battery_failure
130.4,13.129,29.4,5.738,98207,engine_overheat
95.06,12.803,7.71,4.757,167948,low_oil_life
89.6,12.169,5.42,5.102,255476,low_oil_life
102.58,11.035,67.02,0.602,41029,battery_failure
96.68,12.327,86.79,2.23,125149,normal
106.19,12.901,2.8,4.904,100798,low_oil_life
143.54,12.973,45.04,6.114,95269,engine_overheat
98.19,12.873,5.29,2.753,266278,low_oil_life
75.46,12.471,50.86,0.534,68648,normal
101.81,12.795,9.57,2.854,142687,low_oil_life
102.92,9.504,89.78,1.365,117206,battery_failure
98.46,10.984,41.99,1.668,40039,battery_failure
83.73,9.829,89.09,3.42,167646,battery_failure
98.78,9.378,54.83,3.314,196421,battery_failure
76.15,12.698,98.49,2.029,86795,normal
103.59,9.101,43.58,1.855,138686,battery_failure
121.13,12.883,49.42,5.238,158348,engine_overheat
142.28,13.024,21.2,9.253,24855,engine_overheat
79.28,13.107,11.67,4.026,22241,low_oil_life
79.59,12.226,95.51,0.019,146964,normal
75.09,11.001,58.54,1.13,166259,battery_failure
93.66,10.711,67.15,1.762,149553,battery_failure
101.75,12.662,9.94,3.204,186675,low_oil_life
106.76,12.088,1.24,3.297,225073,low_oil_life
92.22,9.445,80.69,3.274,147870,battery_failure
84.37,12.556,42.89,1.469,5744,normal
91.76,12.281,7.12,3.299,122363,low_oil_life
94.5,12.681,47.81,1.374,129295,normal
129.67,13.041,78.74,8.805,115475,engine_overheat
138.67,12.273,51.08,7.096,160641,engine_overheat
130.78,13.01,32.72,5.516,62335,engine_overheat
143.06,12.911,68.16,5.073,79672,engine_overheat
78.9,10.063,50.43,2.208,80892,battery_failure
89.04,9.269,76.4,1.417,51186,battery_failure
76.39,12.838,0.59,4.146,123065,low_oil_life
101.65,13.006,2.17,4.557,51229,low_oil_life
97.79,12.265,11.18,5.694,295911,low_oil_life
75.92,9.459,53.76,2.81,191806,battery_failure
97.73,12.872,77.55,0.641,7345,normal
87.78,12.997,68.83,1.967,128775,normal
116.07,13.15,27.76,5.916,197805,engine_overheat
90.91,12.479,98.15,0.808,13565,normal
144.0,13.053,72.42,8.997,71260,engine_overheat
89.2,12.148,3.11,3.404,24465,low_oil_life
83.39,12.645,4.2,5.554,108533,low_oil_life
93.89,12.564,85.49,2.001,88664,normal
100.28,12.827,3.47,4.563,140102,low_oil_life
76.94,12.337,67.81,0.172,136570,normal
99.27,12.758,2.05,5.729,157110,low_oil_life
99.25,10.626,51.5,1.196,109156,battery_failure
100.71,9.837,41.54,0.791,127803,battery_failure
95.01,10.328,41.44,1.791,152534,battery_failure
129.64,12.884,62.63,8.855,229294,engine_overheat
102.08,12.927,3.03,2.76,134288,low_oil_life
85.12,10.054,56.4,0.214,133758,battery_failure
113.42,12.194,21.0,8.71,223341,engine_overheat
75.14,12.597,42.53,1.842,74071,normal
115.93,12.769,21.27,8.557,241486,engine_overheat
119.81,13.179,52.65,6.218,249879,engine_overheat
131.0,12.687,47.98,8.404,29510,engine_overheat
144.07,13.05,70.55,8.568,208017,engine_overheat
92.39,12.971,47.21,2.007,25372,normal
121.9,12.581,44.94,5.942,12889,engine_overheat
99.92,9.432,51.75,3.319,48379,battery_failure
134.0,12.994,29.65,6.209,237026,engine_overheat
77.48,12.769,2.48,3.865,261349,low_oil_life
76.24,12.685,3.29,2.961,122718,low_oil_life
117.91,12.715,65.73,7.264,42161,engine_overheat
93.4,12.75,6.78,5.235,140024,low_oil_life
139.27,13.123,71.09,5.719,226669,engine_overheat
76.96,13.039,93.69,1.911,49678,normal
81.11,10.118,84.09,3.248,64462,battery_failure
97.39,13.093,68.48,0.506,141130,normal
131.91,12.705,44.63,9.081,32369,engine_overheat
88.97,12.651,6.3,3.494,126682,low_oil_life
81.77,12.313,88.89,0.246,71853,normal
99.33,12.34,63.86,1.274,126688,normal
82.51,12.702,0.27,5.627,185926,low_oil_life
91.56,9.347,32.73,0.322,132341,battery_failure
99.04,12.493,5.12,3.57,72309,low_oil_life
121.09,12.775,28.74,5.327,99110,engine_overheat
87.32,13.168,9.16,4.933,237321,low_oil_life
76.29,12.989,91.03,1.955,105487,normal
91.05,12.801,8.18,3.512,210229,low_oil_life
101.04,12.326,1.64,2.876,53807,low_oil_life
102.11,10.571,47.28,0.855,91792,battery_failure
77.85,10.512,49.0,3.211,36576,battery_failure
79.11,10.969,86.56,2.17,82699,battery_failure
90.82,9.201,58.5,2.268,163093,battery_failure
99.2,9.751,42.03,3.188,123889,battery_failure
131.53,12.779,27.63,8.622,144418,engine_overheat
118.9,12.844,44.44,6.494,190954,engine_overheat
137.09,12.423,23.77,5.802,31605,engine_overheat
135.6,13.03,25.25,5.317,17848,engine_overheat
127.08,13.183,63.21,9.468,135555,engine_overheat
86.64,12.783,45.27,1.592,74813,normal
82.53,12.112,3.47,3.679,148279,low_oil_life
123.05,12.834,45.36,7.114,64437,engine_overheat
78.13,10.333,34.59,1.52,42499,battery_failure
81.13,10.888,72.61,0.68,153881,battery_failure
127.49,12.081,25.84,6.045,75792,engine_overheat
98.59,13.107,3.76,4.92,161434,low_oil_life
90.12,12.831,8.23,3.121,223811,low_oil_life
143.28,12.017,32.69,6.231,166777,engine_overheat
132.37,12.175,62.82,8.012,116601,engine_overheat
94.28,10.672,47.7,1.634,31516,battery_failure
87.47,10.439,43.44,1.631,20215,battery_failure
89.67,12.236,9.52,4.222,169721,low_oil_life
117.46,12.16,68.22,5.235,248515,engine_overheat
94.26,10.733,50.81,0.233,136582,battery_failure
75.18,10.655,48.7,2.111,76344,battery_failure
79.89,12.879,3.44,3.98,212791,low_oil_life
105.81,12.198,11.41,4.377,7921,low_oil_life
117.01,12.2,66.84,9.327,124634,engine_overheat
142.0,12.334,27.22,8.256,50477,engine_overheat
79.7,12.79,44.39,0.338,133004,normal
130.03,12.526,50.58,8.635,107367,engine_overheat
91.25,12.922,99.2,1.094,106108,normal
78.32,13.024,1.4,4.578,244190,low_oil_life
98.51,12.765,56.61,2.105,17087,normal
122.82,12.424,79.07,6.735,50931,engine_overheat
82.02,12.592,91.86,1.124,86516,normal
96.77,10.625,88.57,1.695,105216,battery_failure
83.45,12.875,10.3,5.758,188273,low_oil_life
101.74,12.962,11.51,5.932,261805,low_oil_life
75.13,12.455,56.42,1.549,38547,normal
137.26,12.82,66.96,8.047,200932,engine_overheat
106.21,12.54,1.44,5.395,196889,low_oil_life
76.13,12.955,68.79,2.1,69184,normal
76.01,9.281,61.37,1.323,67645,battery_failure
77.02,12.322,8.09,3.607,204888,low_oil_life
79.2,12.57,4.97,3.597,91153,low_oil_life
80.36,12.847,7.08,3.627,260035,low_oil_life
88.64,12.641,77.89,1.363,136535,normal
82.05,9.382,79.97,2.906,171990,battery_failure
141.63,12.375,32.05,8.708,125981,engine_overheat
119.49,12.29,60.41,8.451,84408,engine_overheat
101.22,13.009,1.89,5.033,90615,low_oil_life
143.45,12.776,71.37,8.566,215235,engine_overheat
132.95,12.469,42.12,6.826,77853,engine_overheat
125.98,12.729,24.72,8.247,36708,engine_overheat
78.2,12.621,7.66,2.71,90015,low_oil_life
97.31,13.006,55.94,1.394,6710,normal
133.72,12.852,49.58,8.209,120304,engine_overheat
99.63,12.823,3.22,4.31,254120,low_oil_life
100.58,10.045,57.17,2.442,61979,battery_failure
81.22,9.074,88.45,0.748,72349,battery_failure
90.58,13.18,45.36,0.977,63878,normal
95.39,10.035,49.18,2.887,48899,battery_failure
129.97,12.066,30.44,5.367,103476,engine_overheat
77.95,12.431,49.81,1.722,44363,normal
114.89,13.134,55.72,8.351,193755,engine_overheat
91.0,12.124,7.34,3.895,246942,low_oil_life
82.77,12.833,96.68,2.469,63870,normal
76.45,13.058,11.77,3.646,229491,low_oil_life
81.19,12.652,69.89,0.732,62824,normal
76.45,13.111,81.54,1.45,7896,normal
102.18,9.519,55.87,2.814,91894,battery_failure
80.35,13.18,4.48,3.932,278302,low_oil_life
79.45,11.3,32.81,2.869,53896,battery_failure
98.53,9.229,34.59,1.643,188065,battery_failure
88.96,12.865,77.07,0.552,17297,normal
86.39,12.999,54.25,1.914,134308,normal
144.46,12.324,72.06,9.224,73190,engine_overheat
88.57,12.601,61.04,1.535,97136,normal
99.74,10.767,53.89,1.156,72116,battery_failure
104.51,12.018,6.5,4.125,210355,low_oil_life
126.71,13.15,50.72,5.593,170119,engine_overheat
125.26,12.256,67.4,6.937,151154,engine_overheat
94.03,11.097,52.55,3.119,183402,battery_failure
102.49,12.863,2.14,3.952,94342,low_oil_life
76.77,12.037,11.71,5.503,292442,low_oil_life
87.64,12.645,3.66,2.737,221461,low_oil_life
91.55,12.064,1.14,3.003,193418,low_oil_life
97.85,13.165,2.06,2.552,92687,low_oil_life
119.22,13.162,27.4,6.044,46558,engine_overheat
75.31,12.633,2.44,3.116,69325,low_oil_life
90.29,12.547,87.38,2.421,17569,normal
84.36,12.851,80.36,1.962,66677,normal
91.41,10.895,35.34,2.095,166312,battery_failure
119.95,12.7,31.54,8.12,28706,engine_overheat
120.54,12.767,72.49,5.112,229786,engine_overheat
95.18,13.145,6.08,5.458,274693,low_oil_life
84.67,12.598,46.42,1.007,46305,normal
123.33,12.656,29.08,7.501,188002,engine_overheat
78.33,9.987,86.11,1.046,180337,battery_failure
93.24,12.276,76.8,1.738,78707,normal
87.15,12.562,9.64,2.541,287648,low_oil_life
93.07,12.273,9.38,2.901,191131,low_oil_life
86.72,12.247,80.59,1.053,11120,normal
80.8,12.474,6.12,4.438,135251,low_oil_life
89.95,13.077,99.88,0.57,44629,normal
100.25,12.473,1.7,5.189,17204,low_oil_life
88.9,11.247,84.2,2.455,91833,battery_failure
87.67,9.852,61.2,3.48,178849,battery_failure
89.21,12.381,49.06,0.303,98696,normal
95.2,12.282,72.22,0.811,122775,normal
81.61,9.996,57.58,0.178,86766,battery_failure
117.49,12.196,58.35,5.339,84495,engine_overheat
91.8,10.186,78.3,2.589,55525,battery_failure
91.13,12.61,78.04,1.975,122232,normal
96.3,9.292,39.89,0.261,70906,battery_failure
85.25,9.781,31.23,1.766,156694,battery_failure
79.17,12.029,3.45,4.615,87970,low_oil_life
85.8,13.187,94.93,0.609,102304,normal
87.36,13.0,48.9,0.889,50583,normal
116.33,12.697,76.77,8.865,228894,engine_overheat
75.9,13.108,71.06,2.238,35292,normal
98.08,12.6,5.77,4.243,199760,low_oil_life
83.77,12.833,78.35,1.606,148586,normal
77.83,12.089,10.61,4.848,225511,low_oil_life
142.12,12.059,68.14,8.683,199400,engine_overheat
102.93,10.964,83.64,0.446,129028,battery_failure
79.26,13.2,75.78,1.526,122788,normal
101.38,11.132,57.88,0.903,57333,battery_failure
78.77,9.674,77.76,1.68,165677,battery_failure
89.46,9.892,56.54,2.406,38300,battery_failure
92.8,12.549,81.62,0.145,112782,normal
95.7,10.836,81.79,3.294,198838,battery_failure
88.86,12.546,50.93,0.105,100311,normal
76.78,11.357,66.18,1.213,122834,battery_failure
137.07,12.589,37.12,8.429,219966,engine_overheat
89.96,11.197,66.92,1.114,179094,battery_failure
85.38,12.572,4.83,3.045,58806,low_oil_life
141.61,12.401,61.07,5.588,81309,engine_overheat
86.84,12.864,67.76,1.08,42604,normal
91.47,9.005,86.43,0.019,86537,battery_failure
87.57,12.879,79.51,2.065,110454,normal
132.82,13.007,62.14,8.278,223933,engine_overheat
84.7,12.976,94.74,1.941,31337,normal
76.59,12.529,92.75,1.242,143891,normal
88.67,12.72,92.21,0.109,2336,normal
80.59,12.766,92.25,0.836,98746,normal
81.05,12.328,85.16,2.342,1283,normal
101.38,11.071,48.79,0.951,72949,battery_failure
131.88,12.09,65.53,5.388,62300,engine_overheat
137.63,12.605,51.1,8.472,127026,engine_overheat
140.69,12.788,44.14,7.977,196023,engine_overheat
118.0,12.31,57.61,8.845,103293,engine_overheat
90.06,12.04,2.09,5.321,22101,low_oil_life
99.8,10.874,81.66,0.183,157941,battery_failure
91.92,12.985,11.62,2.567,139997,low_oil_life
78.44,13.066,72.48,1.737,587,normal
123.31,12.646,71.83,7.562,177217,engine_overheat
82.72,12.547,5.55,2.647,18919,low_oil_life
88.9,10.6,83.62,1.59,82894,battery_failure
113.86,12.985,20.24,7.183,74222,engine_overheat
106.26,12.333,0.79,4.507,169361,low_oil_life
85.6,11.176,57.21,1.981,28876,battery_failure
90.88,12.285,60.76,0.304,96055,normal
142.67,12.712,76.25,8.614,218271,engine_overheat
81.33,13.176,7.03,3.009,287635,low_oil_life
116.82,12.203,28.63,7.432,229188,engine_overheat
96.85,13.152,7.78,2.643,39512,low_oil_life
140.52,13.176,67.85,5.333,214130,engine_overheat
83.41,9.491,35.91,2.329,155675,battery_failure
114.04,12.563,32.36,5.221,244484,engine_overheat
84.25,12.703,90.69,0.028,139544,normal
131.2,12.392,26.5,7.226,109847,engine_overheat
119.84,12.938,69.8,9.105,106433,engine_overheat
128.01,12.486,53.76,7.169,169815,engine_overheat
75.63,12.325,72.86,0.663,26649,normal
92.52,12.472,41.8,2.012,79003,normal
103.76,12.878,7.84,4.753,120503,low_oil_life
143.8,12.221,21.08,7.877,138792,engine_overheat
94.88,12.651,60.37,0.435,110155,normal
78.57,12.339,67.28,1.45,62493,normal
98.49,10.231,54.39,2.819,35689,battery_failure
77.52,12.573,98.28,2.044,49334,normal
82.68,9.938,56.12,1.181,54924,battery_failure
85.11,10.228,76.81,0.402,139181,battery_failure
77.84,12.458,60.51,2.439,69615,normal
118.72,12.067,23.36,5.684,31274,engine_overheat
100.9,10.689,62.83,1.007,101441,battery_failure
76.34,10.467,70.93,2.149,90990,battery_failure
138.92,12.683,49.12,5.998,156109,engine_overheat
83.7,10.795,30.48,3.279,27465,battery_failure
141.18,12.117,79.16,5.404,229499,engine_overheat
81.48,12.777,6.86,4.345,53115,low_oil_life
100.19,10.982,62.27,0.043,149648,battery_failure
139.19,12.286,49.27,9.004,97154,engine_overheat
94.25,13.132,50.05,1.791,138923,normal
76.56,11.307,79.71,0.595,176258,battery_failure
91.23,12.803,79.07,1.025,132001,normal
137.3,12.539,31.76,9.215,234454,engine_overheat
133.89,12.536,77.62,7.802,103464,engine_overheat
75.58,12.859,70.89,1.271,52781,normal
101.88,9.988,77.05,1.075,168868,battery_failure
136.47,12.385,33.23,7.304,80199,engine_overheat
81.23,12.661,50.43,1.298,18658,normal
95.45,12.663,45.22,0.502,65794,normal
80.56,12.3,0.84,5.093,214485,low_oil_life
90.82,10.162,45.24,0.752,176536,battery_failure
91.06,12.391,92.41,0.631,147796,normal
79.33,12.497,8.13,5.87,83563,low_oil_life
76.27,9.893,66.02,2.034,168630,battery_failure
76.82,9.274,66.23,0.399,130195,battery_failure
83.46,12.737,1.03,2.569,236436,low_oil_life
79.02,12.882,99.83,1.626,28795,normal
126.14,13.157,63.47,5.441,12431,engine_overheat
99.06,12.22,89.48,1.35,11205,normal
95.81,12.962,4.87,4.514,213467,low_oil_life
141.03,12.329,30.09,6.848,15295,engine_overheat
88.29,12.464,2.72,3.666,96594,low_oil_life
83.92,12.903,9.54,3.8,91569,low_oil_life
131.81,12.795,75.94,6.726,26091,engine_overheat
121.33,12.351,24.35,6.326,83535,engine_overheat
77.03,13.019,8.45,2.99,274051,low_oil_life
87.47,10.882,68.8,2.853,190939,battery_failure
94.94,13.07,8.92,2.515,261687,low_oil_life
90.38,10.453,70.75,1.608,109813,battery_failure
103.59,9.168,31.91,0.703,122739,battery_failure
75.51,12.813,53.27,2.032,5347,normal
89.2,12.401,6.25,5.817,82338,low_oil_life
125.55,12.645,30.47,6.551,153588,engine_overheat
84.39,12.452,73.58,1.154,117886,normal
96.75,11.353,73.78,1.748,50480,battery_failure
141.68,12.882,49.24,9.033,24963,engine_overheat
75.93,12.786,47.96,1.844,65087,normal
81.59,9.186,65.84,2.788,101010,battery_failure
75.66,10.401,37.58,3.114,157263,battery_failure
99.8,11.059,47.14,2.722,139875,battery_failure
86.78,10.46,44.4,2.77,35804,battery_failure
87.77,12.452,55.59,1.126,4135,normal
120.0,12.353,21.02,7.171,101549,engine_overheat
82.0,12.598,53.15,1.937,8770,normal
116.86,12.111,74.89,7.242,238080,engine_overheat
89.95,9.674,35.53,0.89,156668,battery_failure
75.3,10.371,42.91,0.319,52574,battery_failure
86.21,12.458,2.16,3.562,234685,low_oil_life
81.96,9.109,61.42,0.683,27951,battery_failure
84.79,10.269,61.9,2.189,94807,battery_failure
83.07,10.026,77.15,0.442,92833,battery_failure
80.93,13.13,53.25,2.487,102932,normal
98.25,12.066,9.75,4.27,87104,low_oil_life
123.1,12.87,40.04,7.521,151964,engine_overheat
80.94,12.846,92.31,0.992,26170,normal
122.35,12.618,63.08,7.05,189578,engine_overheat
97.61,10.623,55.19,2.736,185750,battery_failure
78.27,10.555,34.54,0.345,193137,battery_failure
97.79,9.511,63.57,1.624,112759,battery_failure
84.01,9.512,74.87,3.003,164993,battery_failure
128.65,12.813,42.72,5.724,220494,engine_overheat
99.36,12.403,10.84,3.652,7369,low_oil_life
96.0,11.349,76.61,2.688,145629,battery_failure
83.73,12.811,92.29,0.17,137488,normal
103.04,12.753,5.44,4.655,270332,low_oil_life
97.91,10.995,38.27,1.14,125072,battery_failure
82.98,12.79,52.35,0.764,105848,normal
88.07,12.868,53.23,0.685,6823,normal
114.57,12.572,40.53,6.693,154878,engine_overheat
75.61,12.81,7.93,4.146,213260,low_oil_life
91.8,12.484,49.52,1.385,33691,normal
93.81,12.34,96.03,1.032,2282,normal
107.57,12.66,7.95,2.62,143056,low_oil_life
88.85,12.251,85.74,1.074,8036,normal
104.59,12.146,2.96,4.752,254602,low_oil_life
77.48,10.57,86.33,2.939,58498,battery_failure
123.71,12.17,42.0,6.925,112547,engine_overheat
89.43,12.076,1.38,5.384,167818,low_oil_life
115.52,12.717,30.71,5.525,124476,engine_overheat
93.83,13.1,90.29,0.369,91703,normal
88.68,9.76,52.53,1.935,116870,battery_failure
98.42,13.169,85.66,0.434,9346,normal
99.76,12.922,54.16,0.248,38211,normal
99.59,9.173,34.49,0.494,174536,battery_failure
141.41,12.129,62.82,6.422,202385,engine_overheat
92.98,12.41,5.3,4.235,211329,low_oil_life
115.89,13.167,53.82,8.845,134210,engine_overheat
104.54,13.084,4.2,5.53,132922,low_oil_life
128.61,12.613,52.09,5.237,92809,engine_overheat
84.06,10.616,38.23,1.601,124718,battery_failure
87.0,12.053,5.45,4.624,29102,low_oil_life
91.27,9.937,48.27,0.727,175063,battery_failure
125.41,12.716,66.99,6.205,139269,engine_overheat
92.5,10.313,63.53,0.581,196318,battery_failure
87.43,12.411,80.68,1.302,5906,normal
102.57,12.251,1.0,4.354,174587,low_oil_life
112.24,12.819,70.59,7.534,226915,engine_overheat
84.3,9.887,31.64,1.074,179204,battery_failure
94.74,12.687,70.43,0.008,74964,normal
96.59,9.016,69.48,1.133,181096,battery_failure
122.77,12.543,44.06,8.19,138938,engine_overheat
100.42,10.809,57.74,1.295,193615,battery_failure
117.96,13.088,23.07,9.065,91718,engine_overheat
82.27,10.033,53.74,2.282,57344,battery_failure
78.18,12.218,88.04,0.104,58643,normal
79.31,10.111,46.69,0.5,132652,battery_failure
144.09,12.777,38.43,5.35,119264,engine_overheat
89.5,12.826,11.13,4.731,81054,low_oil_life
97.18,12.328,99.47,1.07,142055,normal
87.38,12.806,87.44,0.267,90536,normal
80.77,12.549,2.05,4.05,146753,low_oil_life
78.72,12.265,8.26,2.683,20748,low_oil_life
80.55,13.095,69.75,0.869,109472,normal
143.53,12.467,78.88,6.653,123096,engine_overheat
136.7,12.38,66.31,6.206,34226,engine_overheat
112.2,12.293,57.89,8.079,134746,engine_overheat
75.76,12.315,11.54,4.633,167217,low_oil_life
122.22,12.89,54.79,5.399,37328,engine_overheat
126.28,12.454,42.94,6.95,71264,engine_overheat
77.26,12.302,49.65,2.48,55426,normal
104.24,9.028,42.93,0.284,25586,battery_failure
75.76,12.353,63.82,0.375,66314,normal
118.48,12.127,47.3,7.288,61883,engine_overheat
83.66,13.045,5.23,3.383,119780,low_oil_life
97.02,13.106,1.02,3.651,119515,low_oil_life
83.08,13.117,2.31,5.138,251281,low_oil_life
116.3,13.001,79.19,8.35,157000,engine_overheat
81.21,9.994,86.34,1.907,195138,battery_failure
86.76,9.032,76.8,0.147,134012,battery_failure
84.37,12.702,99.26,2.217,86716,normal
86.71,12.276,6.45,4.312,165966,low_oil_life
97.88,11.107,63.11,1.181,68940,battery_failure
87.94,10.28,83.96,0.992,25583,battery_failure
82.58,10.695,52.94,3.387,178097,battery_failure
93.79,12.378,11.26,4.168,131011,low_oil_life
127.56,12.034,55.45,6.934,142267,engine_overheat
104.27,12.674,9.63,2.976,117099,low_oil_life
128.03,12.912,79.97,7.434,175565,engine_overheat
90.48,13.128,1.56,3.051,88697,low_oil_life
87.97,12.733,91.07,0.998,17071,normal
76.41,12.366,52.94,1.59,139839,normal
82.97,12.356,92.24,1.356,81554,normal
132.58,12.751,57.51,8.086,87116,engine_overheat
77.9,12.376,99.78,1.87,137788,normal
119.13,12.607,73.85,5.249,248922,engine_overheat
106.15,12.682,9.86,4.507,52020,low_oil_life
113.8,12.21,78.49,6.283,198704,engine_overheat
89.92,11.283,59.15,3.45,134165,battery_failure
143.42,12.231,26.57,9.448,55784,engine_overheat
140.18,12.738,79.17,7.359,104924,engine_overheat
81.95,12.612,5.4,2.808,254434,low_oil_life
102.73,12.953,6.5,4.09,18429,low_oil_life
84.45,12.986,2.39,3.878,284477,low_oil_life
100.19,10.403,68.89,1.453,63066,battery_failure
105.7,12.048,3.46,4.528,154014,low_oil_life
123.29,12.106,39.85,9.236,28847,engine_overheat
85.49,12.938,79.52,1.997,11190,normal
114.8,12.732,43.65,5.038,83273,engine_overheat
78.91,12.255,44.9,1.562,78002,normal
86.71,12.863,8.35,3.096,7526,low_oil_life
116.88,12.742,35.28,9.021,213374,engine_overheat
85.01,12.124,0.35,5.46,14470,low_oil_life
79.66,12.361,70.45,2.326,32994,normal
95.81,13.133,96.64,2.389,40785,normal
88.69,12.908,0.0,3.554,36346,low_oil_life
75.41,13.097,98.87,2.195,95665,normal
102.5,10.775,82.18,0.442,27987,battery_failure
116.9,12.445,33.98,5.739,100410,engine_overheat
90.38,12.352,56.14,1.136,34228,normal
112.69,12.769,23.27,6.109,202070,engine_overheat
85.71,13.081,10.41,3.492,231137,low_oil_life
104.77,9.927,49.93,0.238,46950,battery_failure
91.95,9.071,64.39,0.527,32940,battery_failure
89.25,13.094,43.85,0.274,135565,normal
87.2,9.499,65.1,1.034,36374,battery_failure
98.44,11.23,89.37,1.131,39065,battery_failure
77.94,12.054,5.08,3.25,295358,low_oil_life
84.09,12.469,68.84,2.481,67843,normal
89.45,10.04,34.59,2.632,121025,battery_failure
81.0,12.146,6.85,5.402,173050,low_oil_life
102.56,11.11,65.81,2.657,157046,battery_failure
81.26,12.535,43.62,0.955,28803,normal
75.93,12.225,2.38,4.906,251160,low_oil_life
85.74,12.987,5.9,4.914,191005,low_oil_life
139.69,12.872,22.68,5.045,186062,engine_overheat
89.29,11.245,42.97,1.916,23159,battery_failure
99.29,12.577,75.54,2.318,39901,normal
77.19,12.276,4.75,4.791,49308,low_oil_life
97.38,9.299,84.61,1.796,62422,battery_failure
81.63,12.774,65.18,1.73,141521,normal
97.11,10.711,75.22,0.483,76240,battery_failure
95.15,9.746,56.93,1.181,88694,battery_failure
91.09,12.197,7.73,4.274,8420,low_oil_life
128.89,13.154,36.89,6.212,140993,engine_overheat
77.28,12.58,92.1,0.372,64200,normal
93.45,13.12,60.21,1.326,131265,normal
83.84,12.737,9.04,5.064,62153,low_oil_life
77.13,13.122,82.39,0.03,138440,normal
142.38,13.004,26.41,6.739,86733,engine_overheat
95.22,12.487,0.27,3.837,190639,low_oil_life
94.63,12.669,68.45,0.642,65428,normal
84.23,12.431,7.69,3.862,72664,low_oil_life
101.09,10.884,58.1,3.146,39773,battery_failure
142.85,12.543,23.4,9.2,147925,engine_overheat
90.83,12.442,77.25,0.366,76975,normal
77.12,12.474,98.19,0.146,15434,normal
75.92,9.593,54.97,0.427,34678,battery_failure
98.22,9.483,32.58,1.837,51601,battery_failure
93.96,10.126,71.42,1.715,141684,battery_failure
90.22,11.334,60.24,0.269,64306,battery_failure
91.47,10.24,39.36,1.504,181679,battery_failure
80.23,13.124,7.41,2.979,154102,low_oil_life
126.09,12.432,69.53,8.449,64545,engine_overheat
91.28,12.232,5.37,3.963,142837,low_oil_life
90.68,10.15,83.74,2.374,23775,battery_failure
89.97,13.014,83.93,0.853,73997,normal
139.53,12.079,40.32,6.728,141632,engine_overheat
135.96,12.522,63.2,6.644,229516,engine_overheat
96.71,12.497,64.41,0.906,42359,normal
92.86,12.205,49.57,0.303,148934,normal
78.9,12.363,79.53,0.997,140905,normal
77.34,12.266,65.94,0.758,50939,normal
124.8,12.282,55.61,7.949,153435,engine_overheat
88.24,11.286,44.78,2.32,151562,battery_failure
97.3,12.402,99.04,2.035,72954,normal
86.0,12.329,58.92,1.313,81912,normal
89.76,9.741,72.16,0.177,147039,battery_failure
97.87,12.948,86.26,1.923,8787,normal
88.33,9.737,44.99,0.698,186765,battery_failure
138.79,13.013,36.88,7.383,154613,engine_overheat
140.48,13.092,44.02,5.006,105044,engine_overheat
96.48,13.118,1.41,3.36,125454,low_oil_life
94.1,9.037,51.69,0.408,54758,battery_failure
125.2,12.156,26.35,7.682,118541,engine_overheat
92.95,12.972,7.09,4.09,59973,low_oil_life
98.23,12.166,1.15,4.309,217650,low_oil_life
96.45,10.052,84.19,1.393,129756,battery_failure
113.37,12.97,27.95,8.804,97086,engine_overheat
95.9,13.07,67.14,0.205,88668,normal
83.35,9.608,86.91,2.396,22795,battery_failure
90.98,12.144,1.27,3.275,251464,low_oil_life
76.44,12.625,99.2,1.985,38392,normal
99.66,11.345,88.52,1.775,59255,battery_failure
107.64,12.846,7.91,3.399,231597,low_oil_life
87.04,9.896,89.51,0.326,110456,battery_failure
116.07,12.395,22.99,7.327,209783,engine_overheat
115.59,12.831,50.36,8.194,171792,engine_overheat
84.83,12.995,56.45,2.492,86661,normal
141.07,12.493,58.88,6.18,44959,engine_overheat
114.63,13.008,75.99,7.643,189000,engine_overheat
142.51,13.093,26.82,6.829,229292,engine_overheat
78.52,12.592,54.33,1.669,65633,normal
86.4,13.038,96.66,1.215,66707,normal
82.12,12.32,56.02,0.223,125576,normal
76.03,10.342,80.03,0.776,91576,battery_failure
91.16,10.229,86.41,0.372,148023,battery_failure
121.83,12.309,23.94,7.862,129641,engine_overheat
83.13,12.44,68.04,0.341,9283,normal
102.04,12.725,8.52,4.598,192973,low_oil_life
107.08,12.168,6.62,5.035,97447,low_oil_life
97.69,12.126,3.1,5.337,239347,low_oil_life
104.54,12.589,5.4,4.525,164186,low_oil_life
92.1,12.86,8.54,4.38,164562,low_oil_life
125.04,12.348,28.8,8.785,143558,engine_overheat
86.46,12.724,77.38,0.444,65333,normal
91.05,13.057,4.74,4.804,297157,low_oil_life
98.36,12.169,8.27,5.524,133019,low_oil_life
133.3,12.104,68.96,7.421,40984,engine_overheat
124.45,12.402,73.2,5.757,10801,engine_overheat
143.89,12.551,76.63,6.388,97310,engine_overheat
113.33,12.127,38.07,6.988,50969,engine_overheat
106.91,12.268,5.72,3.211,191764,low_oil_life
89.01,10.61,52.27,0.086,27533,battery_failure
98.54,12.601,83.99,2.462,70448,normal
76.85,13.127,80.78,1.605,67263,normal
87.86,12.473,90.67,0.768,133611,normal
128.56,12.999,52.65,7.566,169869,engine_overheat
78.97,10.158,71.12,0.022,124975,battery_failure
91.01,12.003,1.6,2.793,31467,low_oil_life
98.05,12.603,61.04,0.53,45232,normal
88.62,10.5,77.98,2.283,20515,battery_failure
88.52,12.776,43.12,0.883,91170,normal
97.62,9.978,46.71,2.332,88968,battery_failure
79.57,10.082,41.95,0.473,191653,battery_failure
96.65,13.023,90.95,1.334,49733,normal
90.82,10.381,81.37,2.029,28802,battery_failure
118.34,12.487,65.74,9.358,230686,engine_overheat
96.39,13.115,51.97,0.32,135450,normal
88.0,12.872,41.46,1.376,19446,normal
91.15,12.558,5.61,5.567,32738,low_oil_life
85.26,12.406,63.77,0.169,21253,normal
90.65,12.795,42.41,1.615,54245,normal
141.16,12.613,49.15,7.828,42069,engine_overheat
91.14,12.639,98.09,0.919,15037,normal
80.61,12.612,87.69,1.15,55077,normal
100.1,12.505,3.81,2.935,164855,low_oil_life
138.2,12.087,77.94,7.679,111531,engine_overheat
91.84,11.367,46.38,1.061,74970,battery_failure
103.37,12.771,0.63,4.975,143279,low_oil_life
95.76,12.933,5.05,2.625,178217,low_oil_life
105.17,12.826,11.74,3.188,108187,low_oil_life
96.33,10.318,86.92,1.274,42837,battery_failure
89.42,12.865,52.79,1.318,118362,normal
82.04,10.301,83.39,0.397,78755,battery_failure
95.41,12.877,8.76,5.17,58365,low_oil_life
76.73,10.478,87.21,0.326,122484,battery_failure
91.69,13.01,5.09,5.55,197949,low_oil_life
75.73,9.178,72.4,2.257,105473,battery_failure
124.44,12.068,26.14,6.521,89944,engine_overheat
118.73,12.269,32.26,7.702,218542,engine_overheat
144.01,12.092,78.59,8.913,79619,engine_overheat
84.72,12.904,92.42,0.884,126468,normal
112.4,13.169,34.33,6.891,219658,engine_overheat
94.02,12.382,76.46,0.321,146011,normal
85.21,10.682,77.14,1.27,135828,battery_failure
97.25,12.894,77.09,0.096,126888,normal
123.18,12.385,55.15,7.273,82204,engine_overheat
89.39,12.266,75.54,1.821,143677,normal
128.14,12.715,43.36,8.486,135383,engine_overheat
126.74,12.491,77.14,9.161,36425,engine_overheat
81.57,9.436,77.01,2.075,47388,battery_failure
81.65,12.212,11.86,5.0,52003,low_oil_life
82.24,12.239,88.95,2.2,133623,normal
75.86,12.429,59.13,1.418,6304,normal
85.68,12.569,73.05,1.725,11116,normal
90.16,12.263,69.32,1.099,123950,normal
98.49,12.752,96.34,2.048,18474,normal
90.67,11.308,84.94,0.979,119485,battery_failure
76.86,13.104,61.28,1.56,78258,normal
83.12,12.425,1.57,2.794,107466,low_oil_life
84.18,12.529,11.2,5.518,41282,low_oil_life
96.93,12.869,95.92,2.056,91353,normal
92.58,12.442,69.71,0.381,20074,normal
83.27,9.996,69.25,0.926,160896,battery_failure
96.77,11.092,36.89,3.257,113922,battery_failure
78.0,12.712,44.86,1.662,125147,normal
96.58,12.659,87.18,0.58,37823,normal
105.36,12.577,11.03,3.387,121737,low_oil_life
104.95,13.033,3.48,5.986,60773,low_oil_life
97.64,10.031,65.64,0.676,168082,battery_failure
80.38,12.363,10.96,2.933,42570,low_oil_life
97.87,9.966,55.86,2.161,103053,battery_failure
95.88,12.353,89.08,2.129,26819,normal
99.09,13.106,95.25,1.901,15282,normal
99.65,12.337,81.56,1.1,68803,normal
86.77,12.141,6.39,5.091,161270,low_oil_life
86.86,10.071,77.61,1.759,162429,battery_failure
122.63,12.921,52.81,8.272,206701,engine_overheat
85.69,12.372,51.19,0.199,18489,normal
90.34,12.832,4.96,3.603,230226,low_oil_life
82.26,11.219,42.65,2.073,179422,battery_failure
142.45,13.197,40.0,6.456,176239,engine_overheat
82.86,12.377,93.03,0.567,91179,normal
77.1,12.372,48.38,1.691,148930,normal
92.67,13.062,99.26,0.542,70202,normal
95.9,12.038,5.24,2.969,194016,low_oil_life
137.15,12.128,55.61,5.848,225865,engine_overheat
96.57,10.528,87.74,2.93,155969,battery_failure
77.57,12.263,8.32,2.702,269323,low_oil_life
103.16,12.19,11.06,4.634,43311,low_oil_life
87.18,13.196,2.3,5.748,104704,low_oil_life
88.07,9.995,84.78,2.7,174546,battery_failure
75.62,9.332,59.81,1.53,44466,battery_failure
93.77,12.299,98.19,1.816,67411,normal
93.06,13.077,62.11,2.217,2659,normal
96.58,12.501,11.41,5.558,120064,low_oil_life
92.56,13.077,68.8,1.19,46733,normal
133.4,12.33,49.94,5.98,161779,engine_overheat
79.66,12.477,92.65,1.655,138311,normal
94.55,12.897,2.89,3.605,211238,low_oil_life
101.0,9.854,50.26,2.981,138027,battery_failure
96.33,12.824,77.0,0.343,5075,normal
125.77,12.525,70.18,9.496,148518,engine_overheat
75.28,13.0,10.33,3.795,259322,low_oil_life
94.27,13.097,53.84,1.811,114586,normal
98.72,12.755,47.23,0.682,26928,normal
122.06,13.095,58.29,6.477,156776,engine_overheat
103.47,12.89,7.09,2.863,78366,low_oil_life
84.41,13.074,96.68,0.82,21312,normal
94.43,9.483,37.4,2.843,40863,battery_failure
88.99,12.48,1.08,2.849,276258,low_oil_life
76.44,12.014,2.29,3.717,295042,low_oil_life
84.36,12.898,51.11,1.298,103302,normal
139.38,12.593,32.61,6.049,226221,engine_overheat
118.79,12.532,66.68,6.416,41385,engine_overheat
117.49,12.059,51.04,5.896,165049,engine_overheat
130.63,12.83,67.33,9.168,239192,engine_overheat
83.27,12.693,65.05,1.486,18708,normal
113.49,12.432,32.3,8.37,66565,engine_overheat
103.29,11.187,45.16,2.747,52966,battery_failure
92.91,12.864,5.09,5.698,209249,low_oil_life
137.58,12.345,71.09,5.169,121023,engine_overheat
94.89,10.031,46.69,3.264,62771,battery_failure
94.32,12.991,5.33,4.475,40326,low_oil_life
137.37,12.512,65.57,7.118,49994,engine_overheat
99.09,12.046,11.55,4.018,289464,low_oil_life
137.56,12.603,72.09,7.103,137337,engine_overheat
83.0,12.621,79.83,1.864,114889,normal
84.82,13.025,4.05,5.188,286315,low_oil_life
122.41,12.048,27.6,7.355,118237,engine_overheat
133.41,12.032,50.74,9.044,30460,engine_overheat
97.69,12.321,99.69,0.174,41971,normal
82.63,10.888,41.97,0.447,151870,battery_failure
140.55,12.805,42.58,8.438,43513,engine_overheat
102.86,10.755,32.71,0.692,106988,battery_failure
95.72,12.336,86.1,1.951,14357,normal
75.39,10.081,82.39,3.045,134010,battery_failure
119.45,12.754,70.16,6.333,201848,engine_overheat
84.19,12.941,96.62,0.253,29516,normal
75.92,13.091,92.72,1.888,62987,normal
124.76,12.862,47.84,9.458,184588,engine_overheat
92.08,12.609,69.54,2.102,70028,normal
131.25,12.237,27.28,6.518,232572,engine_overheat
138.57,12.654,60.82,5.286,77560,engine_overheat
97.1,12.156,0.04,4.733,72438,low_oil_life
137.86,12.359,66.98,5.257,72175,engine_overheat
88.52,12.636,1.84,5.329,211553,low_oil_life
132.27,12.78,39.39,9.14,182074,engine_overheat
92.7,12.926,69.37,1.912,96044,normal
77.09,12.797,80.99,1.085,117961,normal
100.77,10.199,70.46,1.94,176863,battery_failure
88.92,12.994,65.82,2.004,78610,normal
82.61,10.82,84.77,3.059,179379,battery_failure
95.17,12.443,67.23,2.48,23377,normal
104.23,10.79,32.64,3.032,43834,battery_failure
87.9,9.668,43.02,2.598,164401,battery_failure
95.54,12.016,3.95,4.806,158263,low_oil_life
136.01,12.634,27.61,7.07,246070,engine_overheat
77.94,12.283,63.63,0.296,79239,normal
129.09,12.154,22.11,8.181,89071,engine_overheat
92.61,13.043,9.42,2.672,108431,low_oil_life
120.32,12.012,37.35,8.213,21294,engine_overheat
76.84,11.241,56.03,0.207,49511,battery_failure
96.27,10.7,57.67,0.559,76759,battery_failure
100.15,10.328,81.39,1.276,30785,battery_failure
96.97,12.203,1.56,5.93,226432,low_oil_life
103.81,9.91,64.47,3.457,121503,battery_failure
95.01,10.792,71.74,1.623,40711,battery_failure
90.39,10.282,74.43,0.307,50341,battery_failure
139.97,12.387,24.37,9.118,84804,engine_overheat
94.03,10.919,30.39,3.235,115865,battery_failure
124.78,13.181,32.56,8.64,97858,engine_overheat
116.41,13.098,26.98,8.89,185635,engine_overheat
113.69,12.287,29.58,9.486,76691,engine_overheat
125.65,12.685,44.66,5.855,116538,engine_overheat
77.36,12.844,91.26,1.265,22054,normal
103.21,9.49,45.17,1.913,79658,battery_failure
77.21,12.804,7.25,3.928,150921,low_oil_life
89.64,12.672,65.3,1.151,116656,normal
80.73,11.14,72.77,0.194,173885,battery_failure
93.1,10.397,72.61,3.488,183045,battery_failure
78.0,10.934,64.11,1.712,21577,battery_failure
143.47,13.138,28.66,7.904,151041,engine_overheat
94.22,9.033,44.03,1.448,38557,battery_failure
83.64,12.384,9.61,4.08,189133,low_oil_life
113.3,13.159,77.1,6.793,124110,engine_overheat
95.24,13.085,0.57,3.041,64030,low_oil_life
127.43,12.163,41.01,9.327,44112,engine_overheat
79.34,12.006,1.17,3.27,191272,low_oil_life
130.42,12.33,70.81,8.397,64639,engine_overheat
75.77,12.389,7.07,3.94,20909,low_oil_life
93.93,12.114,5.57,3.417,267672,low_oil_life
118.34,13.042,45.65,9.353,237415,engine_overheat
101.84,10.712,38.38,1.984,99335,battery_failure
77.9,12.458,97.0,1.367,10800,normal
112.03,12.919,52.25,7.377,120777,engine_overheat
95.7,10.629,79.35,3.054,58737,battery_failure
113.74,12.63,66.55,6.357,213754,engine_overheat
78.9,11.188,73.77,3.021,109385,battery_failure
105.3,12.215,3.66,5.689,272356,low_oil_life
79.9,12.229,64.12,1.028,50669,normal
83.44,12.732,53.21,1.989,89087,normal
132.57,12.417,40.31,9.36,102264,engine_overheat
82.66,10.857,35.74,1.661,192857,battery_failure
101.59,12.791,9.8,3.075,119300,low_oil_life
103.47,9.533,65.02,1.452,194326,battery_failure
134.01,13.001,45.08,6.015,222826,engine_overheat
95.32,10.077,86.95,0.822,128369,battery_failure
80.56,12.595,2.37,4.186,162998,low_oil_life
76.13,13.197,62.26,0.494,137868,normal
82.05,12.853,86.41,0.023,66262,normal
138.28,12.311,79.77,5.169,35368,engine_overheat
94.06,10.858,55.25,3.169,144342,battery_failure
91.41,10.806,30.91,0.919,161215,battery_failure
103.74,12.194,5.32,3.462,142912,low_oil_life
99.82,12.462,80.06,2.352,115598,normal
117.48,12.752,35.34,8.316,44012,engine_overheat
114.75,12.937,21.08,5.389,85591,engine_overheat
88.56,12.746,1.52,3.942,263852,low_oil_life
79.76,10.195,85.94,2.824,86323,battery_failure
87.8,12.28,77.91,2.17,131717,normal
136.72,12.261,57.35,5.861,17086,engine_overheat
92.11,12.651,43.92,0.454,42891,normal
86.13,10.2,70.2,2.883,119694,battery_failure
77.99,12.339,96.56,1.731,96334,normal
84.41,12.568,11.47,2.863,206081,low_oil_life
135.32,13.113,69.07,8.523,147863,engine_overheat
91.56,9.117,77.64,3.485,157126,battery_failure
136.96,13.03,63.4,6.443,118241,engine_overheat
86.03,13.074,0.18,2.734,62732,low_oil_life
142.06,13.04,51.98,8.856,229612,engine_overheat
118.73,12.29,76.83,8.087,25248,engine_overheat
89.98,12.238,1.59,5.36,166508,low_oil_life
88.35,12.416,5.65,5.075,243161,low_oil_life
99.66,12.646,91.8,0.705,112169,normal
86.85,12.781,44.33,2.32,112082,normal
114.26,12.569,24.33,9.347,156320,engine_overheat
89.81,12.256,59.15,2.008,111487,normal
135.74,12.55,25.95,5.841,146019,engine_overheat
124.45,12.319,76.87,8.681,185505,engine_overheat
77.16,12.692,5.99,3.778,286140,low_oil_life
96.8,10.03,48.89,3.16,114000,battery_failure
89.77,12.485,57.22,2.044,97756,normal
143.27,12.202,49.79,5.443,248188,engine_overheat
123.22,12.59,56.79,5.045,229103,engine_overheat
123.45,12.767,69.92,9.298,131939,engine_overheat
80.82,12.712,2.49,2.542,172848,low_oil_life
81.86,10.065,70.88,1.674,145211,battery_failure
90.5,12.895,62.4,0.397,146920,normal
102.93,10.951,86.59,3.444,76754,battery_failure
122.15,12.297,42.55,8.93,50088,engine_overheat
113.31,13.092,56.26,7.073,122201,engine_overheat
75.07,10.443,67.83,0.105,22881,battery_failure
86.93,9.652,49.93,2.358,166583,battery_failure
87.07,10.937,39.92,2.535,125219,battery_failure
79.88,12.559,79.1,0.327,133669,normal
99.7,10.729,66.65,1.12,74962,battery_failure
102.08,12.539,5.38,2.607,245417,low_oil_life
83.82,12.284,0.19,4.824,155004,low_oil_life
121.63,12.082,44.39,9.27,209119,engine_overheat
119.51,12.45,59.16,6.293,63517,engine_overheat
133.94,12.986,54.71,7.068,67745,engine_overheat
88.42,12.914,0.7,4.261,288590,low_oil_life
83.87,10.795,49.06,0.026,187619,battery_failure
118.99,12.931,65.21,6.048,235191,engine_overheat
116.36,12.416,34.2,6.523,195169,engine_overheat
80.72,12.703,81.76,0.584,103850,normal
92.62,12.189,1.42,4.259,32584,low_oil_life
104.15,9.988,70.16,0.863,88116,battery_failure
135.34,12.842,71.01,9.36,26304,engine_overheat
144.25,12.974,58.71,7.666,150497,engine_overheat
103.65,9.381,42.25,0.445,191349,battery_failure
85.58,10.234,76.86,1.579,87946,battery_failure
132.71,12.64,44.41,9.143,97948,engine_overheat
127.65,13.155,28.16,5.607,57598,engine_overheat
106.21,12.278,6.37,2.726,172466,low_oil_life
135.01,12.128,40.25,6.369,104488,engine_overheat
87.08,9.497,40.96,0.793,113348,battery_failure
83.75,12.154,0.13,3.38,290578,low_oil_life
80.28,10.309,81.81,3.076,103981,battery_failure
91.31,10.071,33.33,1.114,56561,battery_failure
98.89,10.417,67.58,1.344,71415,battery_failure
77.78,12.619,41.82,2.496,44014,normal
96.93,12.234,40.7,0.375,137888,normal
93.23,13.15,65.67,0.239,48777,normal
103.67,12.25,9.51,2.78,91839,low_oil_life
95.32,12.406,92.09,1.972,128379,normal
98.27,12.405,89.73,1.833,10651,normal
92.27,12.312,86.79,0.202,43732,normal
137.2,12.54,39.2,7.683,38363,engine_overheat
107.65,12.619,3.58,4.983,140669,low_oil_life
126.34,12.124,40.23,7.453,76188,engine_overheat
134.33,12.601,67.28,6.677,56246,engine_overheat
99.28,9.247,40.21,2.233,83212,battery_failure
81.78,12.413,99.05,0.592,83457,normal
130.84,12.15,39.15,6.647,78187,engine_overheat
100.06,10.517,74.71,2.806,82287,battery_failure
116.44,12.954,72.88,6.285,32620,engine_overheat
82.43,12.18,11.48,4.632,52046,low_oil_life
92.55,12.92,48.55,0.637,89709,normal
82.62,13.05,60.39,0.453,62292,normal
89.84,12.477,8.15,5.827,77144,low_oil_life
92.8,11.391,66.23,2.821,20066,battery_failure
91.51,12.131,9.45,5.416,56818,low_oil_life
124.74,12.292,47.83,6.293,80320,engine_overheat
83.14,9.741,67.16,1.925,61081,battery_failure
78.43,12.177,9.89,3.945,60152,low_oil_life
102.33,10.064,63.39,2.431,184870,battery_failure
97.43,12.625,74.93,1.256,105400,normal
91.9,10.796,56.65,1.9,91537,battery_failure
75.28,12.719,81.37,1.606,94333,normal
102.22,9.185,31.51,2.544,44648,battery_failure
86.03,9.827,60.38,1.043,74460,battery_failure
107.2,12.473,4.0,4.943,5944,low_oil_life
100.74,12.738,0.83,3.117,74767,low_oil_life
92.38,10.239,84.9,0.307,46928,battery_failure
98.77,12.824,56.18,2.491,148226,normal
142.56,12.418,25.95,5.269,185207,engine_overheat
93.63,11.116,51.31,0.474,198734,battery_failure
105.1,13.183,8.8,4.235,51539,low_oil_life
89.35,10.67,72.91,2.733,103791,battery_failure
90.84,13.074,75.58,0.833,33243,normal
83.22,13.148,47.33,1.483,22785,normal
78.61,12.786,9.72,3.383,67583,low_oil_life
96.95,9.974,49.46,2.681,129779,battery_failure
84.18,10.453,67.03,0.082,163704,battery_failure
82.02,13.09,2.04,2.878,164262,low_oil_life
86.81,12.352,53.9,1.794,96468,normal
88.77,10.783,71.98,0.519,143800,battery_failure
104.36,12.337,7.02,4.794,67613,low_oil_life
103.06,12.546,6.67,5.922,277672,low_oil_life
83.02,11.169,68.23,1.722,195486,battery_failure
99.36,13.15,62.79,0.143,50098,normal
139.64,12.992,42.64,8.328,137571,engine_overheat
128.99,12.699,65.38,5.623,213795,engine_overheat
99.25,12.618,99.26,1.795,133715,normal
96.46,12.493,65.85,1.54,99239,normal
89.46,12.382,59.59,1.648,23567,normal
118.49,12.518,57.68,9.21,91720,engine_overheat
122.82,13.067,65.91,5.116,192792,engine_overheat
77.24,12.542,0.78,5.575,171471,low_oil_life
80.48,10.233,44.23,0.149,45363,battery_failure
106.09,12.247,9.64,5.021,107979,low_oil_life
107.96,12.636,1.7,3.629,26292,low_oil_life
101.27,9.954,47.64,1.548,27601,battery_failure
81.42,11.356,43.38,1.954,73639,battery_failure
93.21,12.771,41.75,1.118,8438,normal
77.72,11.046,66.1,2.924,196284,battery_failure
102.15,12.904,2.18,4.071,161844,low_oil_life
92.4,12.733,69.5,1.22,56307,normal
76.02,12.619,79.02,1.641,28933,normal
83.48,12.046,3.96,5.486,19817,low_oil_life
124.94,12.645,34.19,5.329,101679,engine_overheat
97.04,9.341,63.28,0.034,25730,battery_failure
134.32,12.151,31.24,6.077,120901,engine_overheat
121.54,12.335,46.75,7.293,186687,engine_overheat
92.12,9.924,56.14,0.168,155994,battery_failure
82.08,13.133,1.51,4.776,193511,low_oil_life
80.45,10.108,51.02,0.972,157293,battery_failure
118.13,13.132,52.14,7.635,205276,engine_overheat
126.2,12.557,35.19,8.074,129498,engine_overheat
137.74,12.863,52.96,5.741,242366,engine_overheat
98.78,12.204,10.58,3.875,171964,low_oil_life
79.44,10.611,64.78,0.868,103286,battery_failure
82.3,13.17,95.46,0.879,115359,normal
75.66,12.237,94.04,1.888,3828,normal
119.91,12.842,35.49,5.39,107295,engine_overheat
137.01,12.661,35.9,7.258,203781,engine_overheat
97.11,12.47,9.1,4.331,184693,low_oil_life
87.29,12.213,55.46,0.93,111032,normal
94.04,13.035,70.94,1.404,36027,normal
97.28,12.415,64.25,1.295,149765,normal
93.66,13.165,80.83,1.738,109869,normal
97.55,9.321,43.89,0.05,30400,battery_failure
131.82,12.954,34.02,5.041,59228,engine_overheat
107.73,12.899,2.83,3.003,59333,low_oil_life
139.05,13.151,54.85,7.597,42222,engine_overheat
83.56,12.967,7.62,3.989,92340,low_oil_life
89.03,12.546,70.76,0.26,781,normal
137.39,12.611,24.2,6.249,45524,engine_overheat
131.83,12.692,72.02,8.336,97193,engine_overheat
114.96,12.473,77.14,6.983,187982,engine_overheat
103.42,12.14,2.23,3.536,297248,low_oil_life
121.41,12.506,36.18,5.458,70645,engine_overheat
89.26,9.495,65.4,2.847,23084,battery_failure
107.03,12.955,2.9,4.701,101359,low_oil_life
103.48,10.519,73.45,2.556,115027,battery_failure
87.24,12.945,80.81,0.9,119052,normal
117.34,13.075,57.38,8.999,179087,engine_overheat
87.02,12.28,0.34,2.943,183725,low_oil_life
98.57,12.702,2.07,5.171,150711,low_oil_life
82.17,9.642,30.3,2.563,58185,battery_failure
96.99,9.915,61.79,0.37,181304,battery_failure
89.28,10.89,72.24,1.009,64130,battery_failure
130.47,12.137,52.77,9.413,111291,engine_overheat
131.06,12.379,63.36,7.684,244750,engine_overheat
76.55,12.719,8.03,4.267,110474,low_oil_life
127.67,12.836,49.19,8.137,191693,engine_overheat
82.02,12.635,81.73,1.241,59500,normal
104.88,11.042,71.47,2.569,118162,battery_failure
136.47,12.744,20.43,7.179,69072,engine_overheat
120.48,12.692,63.05,5.706,149931,engine_overheat
83.29,9.786,44.97,2.765,184211,battery_failure
99.5,9.827,68.66,3.244,145180,battery_failure
87.48,10.469,69.36,0.064,106971,battery_failure
102.49,12.825,3.71,4.339,133404,low_oil_life
94.11,12.415,9.48,4.479,224779,low_oil_life
90.91,12.781,0.0,4.616,67601,low_oil_life
123.78,12.44,38.54,7.769,137818,engine_overheat
90.92,9.806,33.61,3.234,107924,battery_failure
95.09,12.261,45.49,2.485,57828,normal
96.28,9.612,80.1,2.585,92227,battery_failure
85.58,12.605,4.11,3.392,273718,low_oil_life
134.57,13.16,75.01,8.342,168403,engine_overheat
88.76,11.098,36.35,0.389,87443,battery_failure
88.48,12.948,47.77,1.827,37991,normal
83.15,9.202,81.28,2.355,186412,battery_failure
106.73,12.544,6.17,5.799,108591,low_oil_life
80.64,11.254,71.22,3.301,122780,battery_failure
76.73,13.146,54.25,1.815,114598,normal
83.99,12.542,76.0,0.94,128202,normal
96.65,11.136,37.9,2.721,187516,battery_failure
92.81,9.361,88.12,0.09,62818,battery_failure
85.63,11.125,67.93,1.594,141635,battery_failure
88.75,9.84,43.1,2.375,157521,battery_failure
82.79,12.314,53.98,2.015,129350,normal
142.14,12.211,39.13,7.374,90758,engine_overheat
106.3,12.029,0.89,2.807,150476,low_oil_life
90.53,10.367,76.58,2.266,46081,battery_failure
99.14,10.394,39.5,0.037,127357,battery_failure
95.27,10.277,80.97,1.397,115558,battery_failure
129.41,12.041,35.76,9.494,66131,engine_overheat
98.28,12.583,0.74,3.216,74852,low_oil_life
78.9,12.885,88.39,0.95,148087,normal
140.37,13.073,44.97,8.64,221463,engine_overheat
104.3,12.378,2.58,5.972,15652,low_oil_life
87.96,12.944,67.31,1.221,59711,normal
95.39,12.71,3.03,3.248,77828,low_oil_life
89.0,13.057,5.38,5.063,32690,low_oil_life
84.27,13.03,66.63,1.769,83555,normal
120.15,13.065,57.78,7.367,219417,engine_overheat
117.95,12.011,79.74,6.11,17612,engine_overheat
104.85,9.971,34.96,2.444,178029,battery_failure
97.25,13.007,1.88,5.71,228674,low_oil_life
93.15,12.624,82.54,0.874,49879,normal
130.66,12.343,57.55,8.635,227220,engine_overheat
95.67,12.748,11.57,4.1,68146,low_oil_life
99.07,13.121,89.04,0.052,127795,normal
81.97,12.698,92.04,1.772,54400,normal
126.86,12.845,22.69,9.08,94105,engine_overheat
140.31,12.773,25.37,5.701,19967,engine_overheat
101.16,9.854,40.09,0.389,198276,battery_failure
99.24,12.72,92.48,2.379,97852,normal
97.15,12.391,11.65,2.622,145987,low_oil_life
95.47,11.218,57.94,3.419,142374,battery_failure
89.44,9.685,71.98,0.569,61984,battery_failure
142.87,12.254,78.21,6.392,40628,engine_overheat
136.35,12.371,77.95,7.094,116305,engine_overheat
129.33,12.073,68.31,7.914,176305,engine_overheat
75.3,12.864,74.02,0.06,7597,normal
87.48,9.193,42.65,2.285,179132,battery_failure
101.46,10.783,74.5,2.947,190062,battery_failure
93.86,12.286,82.41,1.959,16715,normal
79.52,11.041,33.26,0.126,196819,battery_failure
88.73,13.003,54.83,0.514,149302,normal
82.28,12.35,42.04,2.318,30682,normal
102.91,11.124,52.59,2.647,195309,battery_failure
95.21,13.145,81.78,0.305,87896,normal
86.59,10.412,85.69,0.764,174560,battery_failure
81.5,12.164,0.62,4.51,200868,low_oil_life
97.83,10.673,43.07,0.632,126337,battery_failure
81.94,12.405,10.35,4.837,134686,low_oil_life
75.27,12.542,88.34,0.92,70194,normal
87.83,9.54,75.0,1.308,155639,battery_failure
104.09,10.203,68.55,1.111,138248,battery_failure
77.29,10.907,67.18,1.832,33386,battery_failure
88.32,12.526,8.65,2.54,50215,low_oil_life
131.68,12.927,68.79,7.267,29731,engine_overheat
114.91,12.218,77.74,8.634,19491,engine_overheat
98.21,13.1,77.57,1.203,34518,normal
117.54,12.955,31.42,8.724,11379,engine_overheat
126.68,12.077,79.28,7.318,233713,engine_overheat
89.2,9.284,46.38,2.452,94694,battery_failure
90.92,12.494,2.47,2.945,260392,low_oil_life
97.26,13.019,66.92,1.824,27716,normal
99.64,12.632,77.12,0.219,56481,normal
81.02,9.014,46.46,0.164,85776,battery_failure
75.43,10.232,77.37,1.3,165717,battery_failure
127.91,12.292,79.35,6.671,225288,engine_overheat
82.99,10.613,32.7,0.531,34175,battery_failure
100.33,9.92,43.92,0.286,151250,battery_failure
79.37,12.399,8.44,3.988,174319,low_oil_life
81.62,11.244,83.51,3.416,191097,battery_failure
94.78,12.951,2.78,5.363,254045,low_oil_life
88.12,13.011,74.08,2.245,17073,normal
96.52,12.947,64.51,1.34,131354,normal
141.99,12.247,23.02,6.443,134034,engine_overheat
128.66,12.066,47.47,6.846,247007,engine_overheat
102.38,13.044,4.66,5.836,136940,low_oil_life
87.03,9.152,31.75,1.348,57052,battery_failure
104.99,9.013,89.86,1.716,47094,battery_failure
80.51,12.541,4.78,4.096,13078,low_oil_life
77.33,12.524,44.04,0.437,33866,normal
143.05,12.239,40.49,7.426,32948,engine_overheat
83.07,11.084,37.83,2.953,44354,battery_failure
98.14,12.119,3.89,5.018,62748,low_oil_life
95.23,13.098,8.43,3.869,15956,low_oil_life
93.96,10.776,58.71,0.976,111873,battery_failure
83.53,13.017,97.78,0.865,12763,normal
88.28,12.353,96.17,1.844,46403,normal
89.59,13.117,77.17,2.392,86836,normal
79.26,12.045,9.46,5.173,110789,low_oil_life
102.8,12.698,6.12,4.839,40198,low_oil_life
96.48,12.039,6.24,5.077,280731,low_oil_life
92.9,12.498,4.65,5.131,157755,low_oil_life
84.77,10.596,78.62,2.559,39023,battery_failure
91.51,13.159,5.82,4.265,154068,low_oil_life
133.21,12.953,35.5,5.177,19569,engine_overheat
76.84,12.795,88.47,0.648,133241,normal
94.04,12.563,92.85,0.764,132197,normal
129.14,12.163,76.17,6.989,112153,engine_overheat
127.62,12.061,30.34,5.36,222939,engine_overheat
82.61,12.576,50.83,1.619,47299,normal
104.97,12.538,3.37,5.826,109509,low_oil_life
123.96,12.972,46.89,9.355,95192,engine_overheat
88.49,12.211,1.09,4.415,156633,low_oil_life
91.88,10.715,66.98,1.162,42092,battery_failure
93.87,12.526,6.36,3.064,107652,low_oil_life
78.08,11.067,81.26,1.724,25033,battery_failure
81.06,12.037,3.06,4.265,25448,low_oil_life
117.28,12.694,41.67,5.87,124560,engine_overheat
78.95,12.883,0.29,4.011,167187,low_oil_life
96.39,12.641,8.2,4.122,38593,low_oil_life
85.87,10.923,44.97,2.418,100960,battery_failure
87.12,12.378,10.82,4.318,184504,low_oil_life
77.35,12.546,40.59,1.593,70910,normal
93.59,10.63,86.49,2.366,162767,battery_failure
83.34,12.665,1.52,5.104,54294,low_oil_life
81.1,13.042,78.31,0.156,50290,normal
79.99,12.615,91.72,0.712,50601,normal
85.87,12.364,9.96,5.72,76942,low_oil_life
95.55,13.114,82.28,2.063,54312,normal
96.14,12.629,8.16,5.989,272223,low_oil_life
118.76,12.906,61.52,7.528,81688,engine_overheat
90.78,12.364,64.56,1.538,22746,normal
77.44,12.447,83.49,1.703,29055,normal
76.25,9.896,47.55,2.731,148848,battery_failure
124.59,13.195,77.58,7.332,43351,engine_overheat
144.23,13.098,25.43,7.067,99792,engine_overheat
99.08,12.676,86.94,0.065,120906,normal
96.17,12.299,0.84,4.447,41051,low_oil_life
83.34,12.037,4.48,4.5,21997,low_oil_life
79.17,9.68,63.26,1.14,42616,battery_failure
88.72,12.096,0.14,5.398,26996,low_oil_life
99.64,9.897,37.39,0.879,130782,battery_failure
78.5,12.515,0.85,2.992,7019,low_oil_life
142.7,12.634,25.44,5.3,180491,engine_overheat
127.93,12.32,49.03,8.652,166097,engine_overheat
127.65,12.508,62.43,5.34,214297,engine_overheat
83.08,12.75,5.94,3.375,272589,low_oil_life
90.62,12.761,6.58,5.937,62888,low_oil_life
124.1,13.044,49.58,5.581,45645,engine_overheat
93.89,12.323,7.0,5.232,283491,low_oil_life
84.45,9.489,81.9,1.927,165631,battery_failure
100.45,12.579,11.95,4.622,109332,low_oil_life
84.19,12.556,89.55,1.501,20095,normal
90.96,10.984,76.09,2.382,112691,battery_failure
123.27,12.682,47.57,6.849,105696,engine_overheat
97.83,9.979,74.03,1.389,57425,battery_failure
81.28,12.105,2.2,4.85,121770,low_oil_life
76.38,10.023,33.11,3.133,199589,battery_failure
103.69,10.082,86.41,0.074,30345,battery_failure
78.62,12.787,81.85,0.658,115357,normal
92.7,13.14,8.08,3.461,158868,low_oil_life
107.5,12.493,3.38,3.25,88360,low_oil_life
92.49,9.293,85.5,0.98,164923,battery_failure
126.31,12.261,34.06,5.095,160453,engine_overheat
126.44,12.135,48.31,6.648,116637,engine_overheat
75.01,12.856,0.26,5.645,266051,low_oil_life
87.71,12.289,95.67,0.887,23648,normal
143.9,12.958,30.44,7.51,216080,engine_overheat
127.68,12.824,25.17,6.836,154735,engine_overheat
77.69,10.885,42.44,3.464,127594,battery_failure
98.32,12.142,5.61,4.037,177624,low_oil_life
139.89,12.151,69.53,7.483,223321,engine_overheat
97.37,12.761,87.93,2.211,55718,normal
80.99,12.737,90.22,0.758,52756,normal
95.66,12.783,84.18,0.088,86120,normal
93.49,12.962,1.88,4.197,74072,low_oil_life
91.59,13.01,66.75,0.54,104648,normal
88.14,12.619,10.48,4.004,40183,low_oil_life
136.55,12.818,56.87,6.207,133852,engine_overheat
101.99,13.179,2.64,2.908,56921,low_oil_life
90.03,13.15,54.98,1.52,41800,normal
121.38,12.339,70.58,7.781,62243,engine_overheat
88.89,12.941,1.1,3.816,246443,low_oil_life
123.75,12.734,63.93,6.605,147844,engine_overheat
85.61,12.375,92.13,1.496,2011,normal
82.92,12.535,47.51,0.603,94840,normal
112.53,12.226,24.65,7.361,42583,engine_overheat
75.98,10.3,86.23,0.689,29637,battery_failure
86.97,12.518,7.26,3.712,197416,low_oil_life
90.44,9.84,80.08,2.163,108388,battery_failure
90.71,12.693,3.46,3.639,109987,low_oil_life
95.27,12.504,3.54,4.5,236329,low_oil_life
83.78,10.353,69.85,3.373,101788,battery_failure
90.4,12.615,65.53,0.602,83375,normal
79.64,13.055,10.48,3.581,236946,low_oil_life
78.5,12.448,58.62,0.245,49437,normal
79.87,12.087,4.55,5.612,57802,low_oil_life
120.24,12.411,38.0,8.118,248904,engine_overheat
135.67,12.196,65.42,7.147,142797,engine_overheat
97.71,12.287,82.5,0.09,31852,normal
76.08,12.933,92.71,0.683,114650,normal
91.64,9.121,71.91,2.276,86727,battery_failure
78.74,13.138,7.87,5.212,281469,low_oil_life
105.16,12.155,3.24,4.077,273556,low_oil_life
85.87,10.941,60.09,2.546,138222,battery_failure
103.89,12.236,1.9,4.677,295431,low_oil_life
97.89,10.864,84.43,2.992,66032,battery_failure
98.76,12.446,63.31,1.092,110659,normal
75.82,12.604,1.08,5.411,213920,low_oil_life
118.8,12.832,28.99,5.527,247225,engine_overheat
90.24,12.794,87.85,0.319,80685,normal
81.86,13.134,7.05,4.483,169164,low_oil_life
95.02,12.832,10.99,4.243,213196,low_oil_life
87.63,12.381,42.2,1.902,71425,normal
86.75,10.696,44.23,2.788,112850,battery_failure
88.36,12.998,4.58,5.48,196799,low_oil_life
80.67,10.961,59.45,2.217,93324,battery_failure
129.77,12.855,31.86,7.499,61310,engine_overheat
89.58,12.589,79.47,0.96,95040,normal
121.93,12.156,21.95,6.881,185885,engine_overheat
95.43,12.772,81.27,2.307,59042,normal
134.23,12.493,56.98,6.441,112781,engine_overheat
121.99,12.655,57.39,7.496,161043,engine_overheat
95.93,10.319,48.22,0.348,198066,battery_failure
82.52,12.527,73.94,1.559,133663,normal
97.87,9.556,47.63,2.686,96106,battery_failure
92.06,12.294,4.9,3.316,57055,low_oil_life
87.17,11.252,41.47,0.593,197112,battery_failure
97.43,12.781,98.13,0.338,149130,normal
91.8,12.537,6.69,3.993,95481,low_oil_life
82.37,9.035,63.94,0.045,67922,battery_failure
94.89,12.841,69.93,2.102,54869,normal
84.0,12.811,81.37,1.701,49812,normal
88.35,12.964,6.46,5.144,107063,low_oil_life
77.58,12.408,50.02,1.386,145448,normal
82.95,12.57,91.73,1.406,80257,normal
132.97,12.849,50.11,8.596,38314,engine_overheat
79.04,12.537,41.33,0.78,141559,normal
140.31,12.322,38.18,8.966,205929,engine_overheat
95.23,10.225,63.63,0.133,122478,battery_failure
85.7,12.584,47.87,0.048,53909,normal
131.21,12.83,56.4,9.476,91406,engine_overheat
92.11,13.052,5.18,4.29,286892,low_oil_life
79.56,12.253,2.98,4.77,223031,low_oil_life
84.36,13.109,0.22,5.063,67513,low_oil_life
90.82,13.055,11.55,3.426,14759,low_oil_life
136.73,13.146,68.66,6.563,80027,engine_overheat
104.88,12.197,8.13,3.966,16519,low_oil_life
135.14,12.787,53.25,9.201,113915,engine_overheat
93.38,13.0,79.4,0.4,113816,normal
96.59,12.46,5.55,5.721,71896,low_oil_life
99.88,11.374,74.89,2.15,51105,battery_failure
82.98,12.411,2.34,5.338,92081,low_oil_life
96.23,12.931,56.4,0.598,48781,normal
94.11,10.506,54.97,0.743,129164,battery_failure
98.77,12.736,72.51,1.198,131234,normal
98.24,12.828,53.43,1.332,61001,normal
104.98,9.801,76.35,1.612,20731,battery_failure
77.59,12.328,11.74,4.302,245660,low_oil_life
76.36,9.226,69.48,1.58,185707,battery_failure
106.27,13.12,7.07,3.746,34986,low_oil_life
93.67,12.268,6.75,4.339,215005,low_oil_life
87.66,12.037,3.03,4.815,26050,low_oil_life
126.67,12.226,29.2,5.402,194983,engine_overheat
132.07,12.362,68.19,6.868,20435,engine_overheat
81.31,12.477,7.96,2.871,61238,low_oil_life
120.66,12.819,71.15,6.134,135882,engine_overheat
84.45,12.38,7.14,3.588,98993,low_oil_life
99.67,12.754,45.63,0.836,75769,normal
75.3,12.802,9.79,3.964,101707,low_oil_life
140.0,12.161,21.18,8.253,123319,engine_overheat
107.28,12.001,10.1,3.912,154776,low_oil_life
128.58,12.316,49.52,5.827,112944,engine_overheat
96.28,12.197,4.99,5.752,133344,low_oil_life
80.64,12.44,9.13,3.513,295160,low_oil_life
103.88,12.031,8.91,2.942,295277,low_oil_life
135.68,12.303,59.02,6.362,128371,engine_overheat
101.87,9.55,64.6,2.072,134159,battery_failure
92.93,12.294,0.58,4.19,251590,low_oil_life
122.82,12.335,54.37,7.596,225952,engine_overheat
92.97,12.355,6.58,4.914,280877,low_oil_life
93.82,12.547,4.03,3.001,227159,low_oil_life
79.33,12.599,83.9,1.923,96019,normal
78.6,10.481,60.77,1.44,157080,battery_failure
144.31,13.069,75.19,5.77,228431,engine_overheat
135.42,13.091,54.13,8.936,12402,engine_overheat
80.58,10.284,75.77,0.519,110436,battery_failure
142.96,12.176,28.14,7.446,242065,engine_overheat
131.03,13.114,62.56,5.86,126912,engine_overheat
97.77,9.749,81.43,2.029,92104,battery_failure
92.5,10.262,63.75,3.304,103434,battery_failure
81.44,10.078,58.25,0.502,43283,battery_failure
131.83,12.986,75.4,6.115,18749,engine_overheat
138.46,13.075,35.51,9.185,217922,engine_overheat
124.99,12.812,66.37,8.857,44413,engine_overheat
126.4,13.002,70.89,8.425,122328,engine_overheat
82.41,12.295,6.68,3.774,256749,low_oil_life
142.78,12.409,44.21,6.081,17310,engine_overheat
137.14,12.326,49.12,5.987,42624,engine_overheat
114.86,12.2,30.25,6.139,208114,engine_overheat
88.73,12.253,9.24,5.571,267390,low_oil_life
92.55,12.361,4.94,2.689,6832,low_oil_life
132.35,12.221,29.29,7.575,82258,engine_overheat
106.23,12.436,8.8,3.692,210320,low_oil_life
86.32,12.24,0.04,5.142,186101,low_oil_life
84.98,12.898,10.77,3.86,120042,low_oil_life
96.9,12.927,3.7,2.932,224738,low_oil_life
81.15,10.809,47.66,2.198,136944,battery_failure
84.1,11.255,79.07,3.489,47856,battery_failure
141.31,12.171,75.73,7.915,28320,engine_overheat
98.57,12.493,1.8,4.498,185294,low_oil_life
92.74,9.17,37.51,1.037,172364,battery_failure
78.48,10.428,67.41,2.151,164870,battery_failure
94.33,10.626,86.54,2.767,87163,battery_failure
142.24,12.464,25.05,6.912,59832,engine_overheat
128.01,12.986,30.13,5.353,182687,engine_overheat
84.07,13.184,8.5,4.183,9131,low_oil_life
137.4,13.098,69.36,8.216,141074,engine_overheat
102.21,9.749,33.64,1.982,166069,battery_failure
132.98,13.188,46.56,7.62,166810,engine_overheat
77.81,10.298,35.69,0.315,155830,battery_failure
124.99,12.622,58.9,5.905,246436,engine_overheat
98.77,13.07,7.36,3.235,84599,low_oil_life
101.33,10.517,55.11,0.324,21462,battery_failure
90.18,12.923,7.05,3.296,41355,low_oil_life
134.83,12.754,58.65,9.247,139560,engine_overheat
89.61,12.928,59.48,0.334,63918,normal
83.86,12.83,5.84,4.545,75441,low_oil_life
87.34,12.674,50.59,1.446,27624,normal
134.81,12.099,58.24,9.278,144275,engine_overheat
83.95,9.391,76.55,0.6,21073,battery_failure
130.24,13.171,76.96,7.529,177214,engine_overheat
75.94,9.184,51.95,0.418,81957,battery_failure
98.19,9.899,36.94,1.259,165698,battery_failure
81.95,12.088,0.48,4.368,182171,low_oil_life
80.3,12.873,9.26,4.03,221311,low_oil_life
121.3,12.318,28.57,8.716,24915,engine_overheat
89.84,9.62,31.01,0.662,51551,battery_failure
90.24,12.803,4.62,3.212,127537,low_oil_life
117.91,13.153,72.41,6.88,173521,engine_overheat
77.54,12.522,81.0,1.602,76229,normal
84.3,13.03,50.19,2.0,24995,normal
98.31,9.995,40.63,3.383,36766,battery_failure
100.66,11.022,71.33,1.379,160202,battery_failure
85.72,13.096,54.92,0.47,78931,normal
81.7,9.987,62.58,1.66,111319,battery_failure
97.77,12.854,3.04,2.634,45647,low_oil_life
129.45,12.059,50.37,7.263,43012,engine_overheat
130.05,13.16,67.78,6.094,213990,engine_overheat
78.28,13.128,4.76,4.85,107903,low_oil_life
90.79,9.925,60.83,0.427,66216,battery_failure
76.27,12.764,3.38,4.588,122734,low_oil_life
95.45,9.413,82.52,1.648,47464,battery_failure
97.9,12.081,2.16,3.347,289305,low_oil_life
96.69,10.618,62.85,2.551,199893,battery_failure
100.41,12.087,6.41,3.189,128649,low_oil_life
76.57,9.981,50.16,2.904,140419,battery_failure
91.94,9.799,33.21,0.888,81084,battery_failure
75.64,12.392,86.78,0.214,29118,normal
102.19,9.053,51.41,1.21,191277,battery_failure
103.43,12.496,7.43,3.937,166386,low_oil_life
100.42,13.158,8.77,4.985,220530,low_oil_life
84.73,13.017,90.65,2.395,74637,normal
80.32,9.413,86.4,1.175,125973,battery_failure
134.97,12.41,60.16,8.724,216749,engine_overheat
114.28,12.653,20.45,6.081,135074,engine_overheat
99.69,10.972,39.38,3.333,53686,battery_failure
79.57,10.758,57.17,0.475,171285,battery_failure
91.05,12.733,85.5,2.415,87969,normal
98.57,12.307,81.0,2.318,33380,normal
142.96,13.173,20.52,7.062,66235,engine_overheat
78.05,13.154,72.37,1.773,137660,normal
124.98,13.199,63.91,6.617,82833,engine_overheat
94.87,12.364,93.65,0.766,67990,normal
79.19,13.074,11.71,5.675,187631,low_oil_life
92.4,12.785,2.05,2.832,44986,low_oil_life
95.36,12.227,61.55,0.744,61035,normal
82.16,12.662,41.99,0.167,51631,normal
91.81,12.964,67.13,0.979,94475,normal
100.03,13.077,4.78,5.205,186980,low_oil_life
85.32,13.056,44.41,1.004,3744,normal
75.17,9.028,51.22,1.231,79251,battery_failure
106.65,12.696,4.67,5.514,53478,low_oil_life
143.59,13.014,76.19,9.203,24274,engine_overheat
132.12,13.042,49.54,8.376,112544,engine_overheat
112.35,12.12,46.56,5.497,127472,engine_overheat
91.9,10.742,74.17,2.079,175234,battery_failure
118.15,13.172,66.18,5.185,111925,engine_overheat
113.14,12.377,70.19,5.285,110434,engine_overheat
96.92,10.835,32.54,1.098,101533,battery_failure
79.43,13.082,7.85,5.523,51996,low_oil_life
82.02,12.551,65.28,2.057,68673,normal
85.06,12.817,9.3,4.299,136120,low_oil_life
79.55,12.245,82.33,0.489,103864,normal
136.03,12.27,54.01,9.277,78295,engine_overheat
124.61,12.461,32.65,7.988,76324,engine_overheat
81.93,12.472,53.64,1.526,2352,normal
82.05,12.422,75.58,1.413,8210,normal
88.88,12.48,44.07,1.218,18099,normal
84.96,9.032,50.39,2.282,135375,battery_failure
83.13,13.031,44.94,0.144,140600,normal
94.53,10.799,84.29,3.413,54980,battery_failure
138.43,12.313,41.52,5.125,229894,engine_overheat
99.24,10.315,63.44,0.522,49670,battery_failure
92.59,12.562,80.81,0.846,40583,normal
91.38,12.948,10.23,2.601,281109,low_oil_life
76.08,10.127,81.18,3.461,80430,battery_failure
81.24,12.673,10.37,3.87,233629,low_oil_life
88.06,13.072,52.01,0.212,44900,normal
105.15,12.128,2.41,5.445,250289,low_oil_life
124.44,12.486,62.52,7.456,158424,engine_overheat
115.5,12.435,77.93,9.239,15387,engine_overheat
82.1,12.241,8.93,3.701,113806,low_oil_life
118.08,12.795,43.37,6.366,10909,engine_overheat
87.32,12.583,95.86,2.333,142810,normal
94.17,12.731,8.13,5.245,277126,low_oil_life
102.92,10.855,40.4,1.582,29265,battery_failure
102.61,12.33,5.24,4.572,105153,low_oil_life
82.34,13.021,57.5,0.986,95028,normal
85.85,10.484,77.83,3.366,84384,battery_failure
77.1,12.252,41.48,1.081,132161,normal
90.81,13.187,47.73,1.289,147226,normal
94.17,12.771,9.4,5.581,80992,low_oil_life
77.56,10.888,41.35,0.23,142990,battery_failure
97.56,12.227,50.06,0.013,61350,normal
100.97,9.084,60.78,2.257,97506,battery_failure
86.08,12.806,3.77,3.445,67821,low_oil_life
87.13,12.313,3.71,4.58,72764,low_oil_life
77.6,12.652,4.66,2.894,55304,low_oil_life
123.6,12.887,63.96,7.53,14922,engine_overheat
84.36,9.048,50.85,2.047,49320,battery_failure
113.93,12.173,29.08,6.31,103823,engine_overheat
117.53,12.185,24.24,6.839,49267,engine_overheat
136.4,12.38,48.47,8.227,87186,engine_overheat
136.5,12.364,41.99,6.97,38067,engine_overheat
91.41,12.184,8.46,4.44,138461,low_oil_life
76.71,12.333,4.36,4.456,74837,low_oil_life
141.19,12.825,44.38,5.215,128104,engine_overheat
75.23,13.19,86.22,0.264,67494,normal
99.14,12.969,44.62,1.034,18322,normal
99.89,9.712,89.5,2.285,122272,battery_failure
79.96,10.928,36.6,0.926,154034,battery_failure
130.14,12.516,59.81,7.575,165794,engine_overheat
127.19,12.02,32.45,8.282,249689,engine_overheat
106.21,12.153,10.98,5.367,288390,low_oil_life
136.37,12.538,34.61,7.978,203435,engine_overheat
92.83,12.841,78.98,2.478,18133,normal
137.38,12.897,28.53,5.586,139994,engine_overheat
76.73,10.82,48.71,1.544,63258,battery_failure
82.21,9.449,37.68,2.896,197583,battery_failure
138.95,12.04,51.62,8.864,184428,engine_overheat
93.18,10.299,62.46,0.539,22716,battery_failure
98.85,12.501,86.6,1.834,22010,normal
80.31,13.066,42.37,0.046,18681,normal
92.4,12.719,78.61,2.42,145639,normal
96.69,10.397,46.28,2.166,81360,battery_failure
79.44,12.438,47.85,0.617,134832,normal
122.97,12.787,74.35,8.632,85542,engine_overheat
83.02,12.446,89.93,0.521,92051,normal
94.77,9.983,35.92,1.273,174721,battery_failure
90.3,12.794,81.85,0.151,124302,normal
83.7,9.529,60.61,0.642,93870,battery_failure
87.88,12.214,2.74,4.653,59607,low_oil_life
85.22,12.626,0.62,4.296,245644,low_oil_life
130.01,12.96,44.02,6.194,25916,engine_overheat
104.09,12.404,8.91,4.741,154112,low_oil_life
91.83,9.488,82.38,3.039,49424,battery_failure
114.82,12.776,47.64,8.966,188625,engine_overheat
90.94,12.924,9.79,5.815,291160,low_oil_life
89.74,12.851,11.47,3.665,44023,low_oil_life
94.21,9.594,86.45,0.439,41638,battery_failure
78.94,12.771,0.22,4.986,123192,low_oil_life
95.28,10.184,45.92,3.235,37118,battery_failure
92.71,11.167,60.03,0.581,58871,battery_failure
81.05,12.387,82.49,1.912,144302,normal
78.13,12.252,11.71,5.037,167553,low_oil_life
99.54,11.2,37.94,0.145,142013,battery_failure
78.14,11.076,72.15,1.746,152201,battery_failure
129.67,12.106,46.59,8.599,123766,engine_overheat
91.63,12.587,10.17,4.151,94407,low_oil_life
104.99,9.3,67.9,0.972,137626,battery_failure
112.84,12.685,68.05,6.259,65897,engine_overheat
88.19,12.231,59.62,0.747,120956,normal
98.47,12.429,4.52,4.44,25754,low_oil_life
85.65,11.262,44.77,1.117,167032,battery_failure
96.75,10.887,46.97,3.481,75192,battery_failure
96.28,12.828,47.04,0.03,13947,normal
78.49,12.581,57.84,2.336,145361,normal
137.29,12.42,72.56,9.026,108575,engine_overheat
77.97,12.938,79.53,1.964,22852,normal
144.19,12.188,20.8,7.717,60411,engine_overheat
94.96,12.429,54.52,1.72,81768,normal
91.4,11.321,36.46,2.649,129765,battery_failure
126.37,12.693,71.2,5.953,53220,engine_overheat
95.09,12.379,59.51,1.154,123053,normal
79.92,11.268,75.45,2.855,54159,battery_failure
142.03,13.19,64.43,8.878,147521,engine_overheat
94.55,13.188,10.86,4.4,158560,low_oil_life
85.85,13.161,83.63,1.532,73869,normal
92.04,10.175,77.67,1.035,173778,battery_failure
134.54,12.021,58.24,5.384,210022,engine_overheat
77.62,12.75,0.17,5.314,196012,low_oil_life
85.44,12.913,83.41,1.89,137701,normal
87.75,12.454,4.38,2.945,167776,low_oil_life
93.09,9.896,83.86,2.112,109360,battery_failure
142.33,12.859,73.55,7.659,225838,engine_overheat
133.21,12.678,75.2,6.705,144693,engine_overheat
90.94,12.329,50.02,1.011,5774,normal
115.19,13.199,78.0,8.828,23275,engine_overheat
83.9,12.425,73.32,2.45,42070,normal
132.57,12.751,62.02,7.227,66176,engine_overheat
82.14,12.919,98.63,0.461,138141,normal
97.4,12.409,97.34,0.15,85445,normal
105.94,12.511,3.54,5.592,52842,low_oil_life
144.38,12.88,29.75,5.033,151044,engine_overheat
76.34,12.138,0.48,4.903,223115,low_oil_life
127.97,13.16,52.58,8.971,30431,engine_overheat
142.02,12.253,61.08,7.487,211000,engine_overheat
126.82,12.322,41.15,7.401,31329,engine_overheat
104.01,10.75,76.92,1.103,71796,battery_failure
128.92,12.885,50.05,9.076,83741,engine_overheat
143.73,12.812,34.9,8.967,65989,engine_overheat
